AdjusterID,Name,Email,PhoneNumber,Region,YearsOfExperience,Specialty
1,Thomas Short,jordandavis@example.org,001-460-642-3840x96450,East,8,Property
2,Tracy Alvarado,bwiley@example.org,001-515-257-6753x5740,East,8,Auto
3,Elizabeth Ramirez,kimberlyortega@example.com,+1-570-206-4920x9233,East,18,Health
4,Timothy Elliott MD,jterrell@example.org,921-751-0948x643,East,10,Auto
5,Ryan Ward,barbara39@example.org,001-410-685-3395,South,18,Life
6,Robert Williams,ioconnor@example.com,(927)611-3741x434,West,19,Life
7,William Lawrence,levihall@example.net,385.223.4046,South,5,Auto
8,Michael Hill,robertharvey@example.net,001-381-396-9050,South,15,Life
9,Gary Clark,torresrichard@example.net,736-232-6120,South,20,Property
10,Anthony Hicks,xwiggins@example.com,6569228029,North,9,Auto
11,Katherine Kaiser,carrollelizabeth@example.org,001-395-550-6762x4111,South,7,Life
12,Alyssa Carney,kduncan@example.com,001-211-427-1278x24641,North,19,Health
13,James Bowman,wilsonchristopher@example.com,(280)556-7786x87162,East,11,Life
14,Carolyn Hudson,simontom@example.net,490-905-2219,East,16,Life
15,Theresa Flowers,qsawyer@example.net,(750)445-1940x9536,West,19,Life
16,Kimberly May,smithmario@example.net,001-360-301-6366x44728,East,16,Health
17,Regina Oliver,amybray@example.org,297.629.8075x07147,North,13,Auto
18,Ann Shaw,danielbryant@example.com,799.568.4159x7744,North,9,Property
19,Holly Stevens,mckenzieantonio@example.org,(945)336-0986x364,North,20,Property
20,Dr. Jimmy Orr MD,wagnervictoria@example.org,001-817-207-5113x9209,East,8,Auto
21,Sheri Davis,fosterjames@example.com,+1-990-514-7341x25149,North,5,Property
22,Christopher Martinez,lmiller@example.org,001-609-783-3914x68686,West,4,Health
23,Matthew Miles,tburns@example.com,530-884-4941x28265,West,3,Auto
24,Daniel Williams,fhudson@example.org,897-625-0089,North,10,Property
25,Stephanie Vasquez,natalie44@example.net,(486)489-8919x812,North,9,Auto
26,Danielle Howard,yjones@example.com,(809)712-1503,North,10,Life
27,Johnathan Gibson,chavezjennifer@example.com,+1-544-622-4893x5179,East,6,Life
28,Elizabeth Johnson,williamscaitlin@example.com,522-546-0806,North,11,Property
29,Anthony Brooks,robin96@example.net,001-330-815-5581x48371,West,19,Property
30,Michelle Sanchez,lford@example.net,(422)856-2005x1776,East,8,Property
