ClaimID,PolicyNumber,ClaimDate,ClaimAmount,ClaimStatus,ClaimType,IncidentLocation,ClaimDescription,AdjusterID
1,PN000297,2022-11-07,89742.47,Denied,Vehicle,Bakerview,Community production how treat north yes loss arm.,2
2,PN000338,2023-03-30,56414.22,Pending,Vehicle,Lake Jillian,Buy member herself hour perhaps large per consumer specific.,26
3,PN000376,2022-02-07,52115.77,Approved,Vehicle,Port Melissa,Behavior guy particular some whether that suffer heavy despite.,27
4,PN000195,2023-04-08,72144.83,Denied,Property,Port Kennethmouth,Early something be foreign artist music win least police decide place understand run none create.,15
5,PN000005,2023-08-08,59749.36,Approved,Vehicle,Floresstad,Wear produce test commercial up your everyone.,12
6,PN000034,2022-05-11,83125.87,Pending,Vehicle,New Richardmouth,Government leg program at investment couple reduce field almost few across care father.,6
7,PN000283,2023-03-29,30400.27,Approved,Health,East Katherine,Suddenly city Republican exist a value parent much policy far education boy.,22
8,PN000098,2022-11-10,69746.79,Approved,Health,Abbottton,Paper market store market we weight type keep few system result through exactly factor teacher defense.,20
9,PN000040,2023-12-27,14804.6,Denied,Property,Lake Jill,Paper order evening system medical likely throughout participant dog per bring else security site sometimes find.,7
10,PN000490,2023-03-19,70542.98,Denied,Property,West Stephen,Art each ability production meet together answer reach middle determine.,3
11,PN000177,2023-11-05,42983.51,Pending,Vehicle,Antonioton,Point among later drive require seven positive early great language thank wall skill west.,19
12,PN000397,2023-09-06,32032.69,Pending,Vehicle,Nixonville,Kid dream budget somebody set structure thus read sometimes message western visit alone.,12
13,PN000373,2022-09-24,3409.18,Denied,Health,Blevinschester,City change fill former almost money land international you move beyond central parent realize those.,30
14,PN000280,2022-12-24,65250.5,Pending,Property,Angelamouth,Well Mr our decision better rise training reason big own carry director.,8
15,PN000415,2022-08-12,32897.91,Pending,Property,Lake Michaelport,Front too author activity result believe personal letter people least ok not capital maintain positive increase.,5
16,PN000455,2023-12-08,72161.26,Approved,Health,Taylorside,Natural line audience test success sometimes different a to way film story player.,13
17,PN000093,2023-03-30,12505.78,Denied,Property,South Christopherview,Care statement manage worry form company as future partner participant back.,22
18,PN000479,2023-03-12,77029.51,Denied,Health,South Joshua,Notice reflect measure travel majority some return fast hair respond want under tend sell police part.,20
19,PN000339,2022-11-29,61992.73,Pending,Vehicle,East Nicholas,Ready begin write recent agreement key ahead.,20
20,PN000482,2022-10-26,38484.15,Pending,Vehicle,New Jamesmouth,Because reduce family thus analysis yeah drive former girl reality no tend school situation my.,15
21,PN000273,2022-03-31,10417.76,Denied,Health,New Cameronville,Place decade then itself music wrong nearly first.,25
22,PN000391,2022-04-04,65912.52,Pending,Health,Lake Stephaniemouth,Challenge difficult notice under true yourself feel inside bit.,6
23,PN000252,2023-08-20,59369.78,Approved,Property,Thompsonville,Program none person star outside candidate picture role voice protect free.,22
24,PN000193,2022-08-10,56142.17,Pending,Vehicle,South James,Example dream figure article well work entire participant property drug trouble war run.,9
25,PN000063,2022-02-14,99879.65,Pending,Health,East Steven,My free fly general over attack present son pretty economy both.,7
26,PN000450,2023-01-15,13239.69,Denied,Vehicle,Richardsfurt,Since wall radio soldier truth life fund you.,23
27,PN000009,2022-05-05,28956.14,Approved,Vehicle,Carolynhaven,Baby whose outside section box table song yet event future country focus next exist.,19
28,PN000256,2022-11-07,80845.79,Pending,Health,Andersontown,Husband particular feeling both pretty do none set one senior let.,15
29,PN000046,2022-11-26,42742.6,Denied,Property,South Terriport,Trouble both person never nor station across better.,16
30,PN000379,2023-08-23,6663.78,Approved,Vehicle,Amandafurt,Them child card but ever animal rock service need well.,4
31,PN000263,2022-07-09,4966.53,Denied,Property,Phillipston,Note whom evening family education official here seek standard away seven kind.,28
32,PN000022,2023-03-28,83102.87,Pending,Property,Jackiemouth,Turn teacher nation enter president single notice vote science four.,17
33,PN000240,2023-10-17,1960.33,Pending,Vehicle,Scottview,Have north pick PM together tend lose record.,6
34,PN000256,2023-10-11,60563.17,Pending,Health,Port John,Reflect laugh surface reflect important consumer leg common else push way.,19
35,PN000305,2022-01-23,44135.7,Approved,Vehicle,West Tyler,Their particular themselves community interview goal project understand another method write water few case scene.,27
36,PN000158,2023-09-23,31793.49,Approved,Property,West Jacobbury,Speak west need technology discussion real cell chair mouth all girl question store agreement standard who.,6
37,PN000264,2023-10-15,6972.95,Denied,Vehicle,Whitetown,Interest future measure magazine late whole newspaper admit lay clear remain.,9
38,PN000217,2022-07-29,7756.99,Denied,Vehicle,Josephshire,Pay scientist natural almost agree between happy record painting life care truth end certain team.,17
39,PN000261,2023-06-26,21748.22,Approved,Property,Johnville,Inside customer father manager court contain just stage major least member upon spring.,23
40,PN000180,2022-05-08,66340.79,Pending,Property,Barryhaven,Protect next stuff simply you economic cause develop hair former deep hand method.,20
41,PN000395,2022-12-11,98078.69,Pending,Property,Maryton,Also chair we strong activity add for group some general walk player join region.,5
42,PN000125,2023-07-02,61570.42,Denied,Health,Lake Erica,Toward begin dog pressure consider billion teacher attorney five keep fall painting clearly single.,14
43,PN000160,2022-01-02,54567.86,Denied,Property,New Judymouth,Others itself stop economic maybe modern around another what PM eight.,13
44,PN000017,2023-08-29,65160.94,Pending,Vehicle,Ayalaland,Require prove ask return arm thing sometimes team sure standard sort government police.,26
45,PN000082,2022-04-18,70840.68,Approved,Property,South Anthony,Born field visit call customer Mrs perhaps room police learn citizen despite.,16
46,PN000493,2022-08-10,49052.18,Denied,Property,South Abigail,Direction food role car whatever boy be current democratic chair result.,17
47,PN000082,2022-09-28,13566.85,Pending,Health,New Stephanie,School information boy to toward system while truth and threat pattern around.,11
48,PN000319,2022-06-18,67313.12,Pending,Health,Dylanmouth,Film exist late seat act money consider institution everything phone old guy fact.,30
49,PN000414,2023-07-27,58280.04,Denied,Health,New Michael,Country technology cost now push seek contain lay great drop spring.,3
50,PN000253,2023-11-18,83284.07,Approved,Health,Jamesburgh,Policy word scene leave treat receive world find hand identify child necessary support because true standard.,5
51,PN000311,2023-08-11,77639.5,Denied,Health,Matthewfort,Worry bit nice behind kitchen significant officer worker white term full power miss health star debate.,23
52,PN000361,2023-01-03,15700.1,Denied,Health,West Valerie,Establish tonight mother leader our box security travel school cost should.,29
53,PN000122,2022-06-13,32464.97,Approved,Property,Ryanborough,Indicate edge certainly discover mean resource American.,18
54,PN000049,2022-10-24,39478.28,Denied,Property,Jamesside,Sister play difficult society south seek expect agreement write Mr talk factor.,18
55,PN000424,2022-10-25,2314.4,Approved,Property,South Wanda,Capital usually magazine heart character service cup side project read environmental red language.,15
56,PN000059,2022-05-11,88558.19,Approved,Property,West Hollyville,Moment beautiful discuss meet different character project yourself same pull.,18
57,PN000138,2023-09-05,40113.93,Denied,Vehicle,Lake Brianport,Themselves hot baby over how medical plan tonight suddenly.,7
58,PN000451,2022-07-14,14114.15,Denied,Property,Port Curtis,Remain position something perhaps mean history toward effort.,17
59,PN000284,2023-02-22,60652.57,Pending,Health,South Lindamouth,Attack production institution mission single nor none attorney author together.,18
60,PN000493,2022-09-11,99694.1,Pending,Vehicle,West Jordanside,Article shake probably old record between court scene time soon wonder life former.,28
61,PN000460,2023-11-07,21841.72,Denied,Vehicle,West Jacob,Box baby join show media inside machine factor foot.,22
62,PN000465,2023-08-09,81464.24,Pending,Vehicle,Edwintown,Gun one cultural smile western top have maintain phone speech audience force only serious.,21
63,PN000047,2022-05-20,68318.28,Approved,Vehicle,East Juliemouth,Or he key lay production town somebody his but other daughter huge condition half.,21
64,PN000495,2022-07-31,41089.22,Approved,Health,Jenkinsland,Must cut gas establish treat low general risk mention.,6
65,PN000248,2023-01-15,73735.22,Approved,Property,Chapmanside,Likely pressure action theory want there challenge next several exactly collection life late receive piece summer.,14
66,PN000154,2022-02-25,56825.51,Approved,Health,Oconnorville,Land general military story reveal word forget along throughout commercial character area shake already without hot.,19
67,PN000165,2023-06-25,76751.13,Pending,Health,Lake Michele,According daughter management machine hold eat heavy within quickly sign much crime detail instead traditional.,17
68,PN000366,2023-02-01,34947.66,Pending,Vehicle,Reynoldsshire,Program listen ahead your magazine out report.,6
69,PN000285,2023-07-12,82783.85,Pending,Health,West Robertstad,Word knowledge history because life everything sport fly.,19
70,PN000427,2022-07-08,43924.2,Approved,Property,West Angelaberg,Both throw easy method always ahead success bill according.,8
71,PN000040,2022-08-08,46373.78,Approved,Property,West Samantha,Name film sure form himself no goal young management number whole quite exactly.,4
72,PN000068,2022-04-18,91347.53,Denied,Health,New Dustin,Society focus mission help deep civil manager seven them treatment where agent.,20
73,PN000192,2022-02-04,82460.91,Pending,Health,East Jacqueline,Play sell hit after popular half my language visit hundred mention happen structure.,18
74,PN000007,2023-08-05,5430.26,Denied,Vehicle,Reyestown,Two also sport toward white grow teach book garden hospital follow home indeed should industry.,19
75,PN000364,2023-07-20,39936.47,Approved,Property,Rhondaville,Stage ball herself world against inside question pattern guy each me prove traditional debate.,4
76,PN000190,2023-12-11,52216.12,Approved,Vehicle,Powellmouth,Scientist act degree week course blue democratic drop.,28
77,PN000079,2022-04-12,70825.48,Denied,Health,North Andres,Drive discover town every Mr bill fine later leave standard site give realize.,23
78,PN000228,2023-01-01,3145.3,Denied,Property,Theresachester,On night short goal fear recent run single expect myself born safe wish type.,9
79,PN000111,2023-02-14,96008.26,Denied,Vehicle,Lake Kathleenview,Area strong after card minute animal campaign culture beat establish ground maybe law.,10
80,PN000035,2022-12-21,98919.79,Pending,Vehicle,New Christinatown,Always glass fly million industry across economy bed involve.,8
81,PN000052,2022-08-23,2876.54,Pending,Vehicle,Spencerfurt,Five civil court remember travel determine practice religious.,22
82,PN000223,2022-04-16,88580.33,Pending,Health,Stevenshire,Cup however list cost sign large nation right partner.,23
83,PN000351,2022-12-04,58578.44,Approved,Vehicle,Salazarhaven,Term like decide left rule power cost social across.,13
84,PN000495,2022-07-05,51961.37,Pending,Health,West Danielland,Eye color owner current health indeed family even price gun before baby shoulder way yeah physical.,27
85,PN000023,2022-11-01,25643.82,Denied,Property,West Jaclynmouth,General attack him whether matter possible population support why garden believe.,30
86,PN000257,2022-05-18,88247.77,Denied,Property,Conwayton,Information just act key doctor no board.,10
87,PN000380,2023-07-30,41724.59,Pending,Property,Johnsonchester,Avoid laugh town professional gas lot number black air score sound sell office quality.,23
88,PN000327,2023-03-01,8356.01,Approved,Property,South Patriciamouth,Manage sure politics already summer activity writer keep believe tonight go course exactly outside.,20
89,PN000006,2023-08-04,69634.2,Denied,Health,Patricialand,Risk respond tonight enter on race hot pull box sing course view claim thought ok.,15
90,PN000187,2023-12-21,32680.42,Denied,Property,Josephport,Certainly bar hear past edge also page also reality rather around cultural.,30
91,PN000223,2023-08-28,73544.1,Denied,Property,Bradshawport,Skin budget responsibility part walk listen figure moment computer senior wrong address recognize nice and contain.,11
92,PN000229,2022-08-09,55425.81,Denied,Vehicle,Tiffanyburgh,Laugh per result trouble audience education far information moment just program laugh size.,28
93,PN000473,2022-11-12,40108.68,Denied,Property,New Anthony,Magazine fly ask morning leave police box remember action politics.,8
94,PN000131,2022-07-19,49334.16,Pending,Health,East Ashleyport,Your official information staff add piece amount box he range factor will through after place the.,10
95,PN000127,2022-11-03,74081.36,Pending,Vehicle,Meyerschester,Effort system budget attention former red college laugh ground save home meet Congress think.,30
96,PN000328,2022-06-02,46827.43,Denied,Health,New Robertport,Even fly leg spring employee candidate physical only wait instead magazine itself response half.,3
97,PN000356,2022-03-13,39756.28,Denied,Property,Marcusville,Leave although the best page stock between rock now note trip consumer.,16
98,PN000169,2022-11-07,72105.05,Approved,Property,West Rebeccaview,Note woman describe arrive keep become moment order represent.,2
99,PN000067,2023-10-22,11455.35,Pending,Health,South Erinfurt,Hair that develop guy reality possible large late.,23
100,PN000292,2023-04-17,57609.69,Denied,Health,Jonesmouth,Best answer child life maybe young ready health figure over much Democrat possible move along particularly.,23
101,PN000062,2022-01-15,69803.17,Denied,Health,New David,Less wife rock our conference institution less democratic see him follow now get every.,11
102,PN000112,2023-08-03,49061.08,Approved,Vehicle,New Jessica,Close behind radio increase cell though fly customer yourself that take return possible.,12
103,PN000320,2023-01-01,24142.12,Pending,Property,Lake Anthony,Federal goal word return money individual different degree camera learn important road old.,8
104,PN000106,2022-06-10,81446.34,Denied,Vehicle,Hesterborough,Then education inside account relate yard white involve cut relationship check why law.,9
105,PN000146,2023-08-15,32277.66,Denied,Health,South Erica,Campaign interest standard know because yeah inside mind production couple.,20
106,PN000166,2022-09-01,51255.79,Denied,Property,South Christopher,Fill one owner everything single good how station represent language.,11
107,PN000302,2022-07-23,97400.53,Pending,Vehicle,New Susanport,Another star ready even mean long mind reach.,9
108,PN000163,2022-04-17,42837.44,Pending,Health,Christinaview,Individual describe phone alone consumer above receive report Mrs establish analysis model mission.,1
109,PN000019,2022-10-05,96400.67,Pending,Vehicle,North Joantown,Hospital child race sell as task hair billion final role direction plant through field.,9
110,PN000444,2022-12-31,49304.18,Pending,Vehicle,Johnchester,That recent remain air less brother good.,24
111,PN000154,2023-04-08,50709.8,Approved,Vehicle,Timothyville,During hair mouth writer lot chance down be item tough beat top medical discover eat.,2
112,PN000093,2023-12-28,55457.37,Denied,Health,Port Alan,Day whose too paper friend occur art bank box cup miss yourself care could.,13
113,PN000412,2023-12-12,61465.37,Pending,Vehicle,East Tamara,Election mention program may either visit return born energy factor water past write travel scene.,16
114,PN000265,2023-06-21,96510.37,Denied,Vehicle,Butlerland,Page senior key guess agreement usually art general there book leg several.,28
115,PN000166,2022-08-05,42497.81,Denied,Vehicle,West Haley,Manage result church see style thus would end vote power.,30
116,PN000468,2023-12-30,82811.68,Approved,Vehicle,East Christopherville,Direction until western interesting skill difficult however help challenge mission push somebody girl may dog.,8
117,PN000417,2023-03-23,71502.06,Pending,Health,Davidborough,Someone clearly difficult trip interest can soldier beautiful student establish medical site like long western eye.,9
118,PN000390,2022-07-31,28444.03,Approved,Vehicle,Hensleyborough,Future produce vote provide remain operation citizen author man.,15
119,PN000026,2022-09-18,25276.33,Denied,Vehicle,Santiagoport,Walk do there throw before way safe air.,20
120,PN000300,2023-10-27,1608.28,Denied,Property,Lake John,Tv song trouble learn theory break television record.,28
121,PN000063,2022-01-23,10702.4,Denied,Property,Port Gary,Sing care middle only how student at size audience opportunity reason former market age degree room.,11
122,PN000307,2022-03-19,13886.07,Approved,Vehicle,Port Margaret,College for allow national dinner area show growth similar stay bar dark sometimes.,29
123,PN000375,2022-09-11,88867.31,Pending,Vehicle,Warrenshire,Listen majority bring story church along exist new speak everything require party table gas.,26
124,PN000484,2023-11-10,2278.6,Denied,Property,Davidfurt,Ability participant its consider continue ground left at sense memory place.,12
125,PN000452,2022-07-31,25310.6,Approved,Health,Reevesville,Official worry information industry ground easy affect.,9
126,PN000363,2022-06-17,54045.64,Approved,Health,Lake Paulberg,Our politics increase it growth foot whether night.,10
127,PN000376,2023-08-15,90656.8,Denied,Vehicle,East Beverly,Century TV color above help involve surface tree bag staff finish week.,22
128,PN000461,2022-02-11,22643.11,Approved,Property,East Heather,Hotel market bad color politics upon matter fact several measure.,4
129,PN000423,2023-12-30,64277.15,Pending,Health,West John,Whole provide maybe example she decision report drop space other camera series strong.,17
130,PN000040,2022-10-10,99775.65,Denied,Vehicle,New Angel,Song large item edge who sing large old phone national break husband.,7
131,PN000122,2022-06-06,85726.84,Pending,Property,East Michelle,Magazine all conference training better spring such church look try finally.,23
132,PN000341,2023-07-20,53403.37,Pending,Property,North Christy,Brother quality if prevent ok campaign card between.,18
133,PN000069,2023-03-20,63399.42,Pending,Health,Jonathanmouth,Body expect sister avoid know imagine author mind purpose with develop would she imagine others.,13
134,PN000049,2022-06-22,46505.33,Pending,Vehicle,Rodriguezville,Catch one area simple herself much year myself.,4
135,PN000352,2022-04-15,52885.15,Denied,Property,North Harry,Final check charge country memory fight organization person religious.,22
136,PN000200,2022-10-27,75218.74,Denied,Property,Port Kevin,Fine prevent sign foot nor daughter rise low short site choose night study.,19
137,PN000481,2023-04-30,73893.06,Pending,Vehicle,New Stevenmouth,Fall in like remain score him heavy hope less campaign line.,29
138,PN000298,2022-08-03,26481.5,Approved,Property,Floydberg,Rock environmental himself blood example police ago onto support show.,2
139,PN000263,2023-07-22,16573.66,Pending,Vehicle,East David,Unit design anything well thus subject painting actually speech.,13
140,PN000470,2022-10-15,51348.06,Approved,Health,Villarrealborough,Doctor too later major save place less citizen leader much threat tax entire nor rise.,1
141,PN000042,2023-05-12,7522.12,Approved,Property,Port Jeremyburgh,Task including voice question weight series west section more focus half.,5
142,PN000470,2022-03-20,93013.17,Pending,Vehicle,Stonebury,Rich message whether lawyer practice year wonder per civil also.,6
143,PN000486,2022-12-11,70304.53,Denied,Health,North Paigemouth,Bill how save affect black sure myself east political mother sea media century production drop current.,10
144,PN000222,2022-08-23,74961.8,Denied,Property,Port Samanthabury,North just next development history name else since religious budget season write course.,10
145,PN000350,2023-10-08,26363.29,Denied,Property,North Lorraineview,Town enough bank last billion stop despite nothing analysis store window as modern find.,2
146,PN000066,2023-06-22,74942.66,Approved,Health,East Krista,Source stage image particular sing nor week.,29
147,PN000051,2022-03-17,85891.14,Approved,Property,New Vanessabury,Without structure receive usually later explain society major enjoy voice purpose plant worker.,14
148,PN000059,2022-02-08,23188.37,Pending,Health,Parkerfort,Blue on see day deal likely life adult performance message cause upon leg.,21
149,PN000435,2022-05-21,81422.73,Approved,Health,Port Courtneyview,Very should you cell property family generation right baby stop often gun us crime but.,27
150,PN000264,2022-10-11,24861.16,Pending,Property,Brooksville,Statement him than here peace evidence under former game send determine.,7
151,PN000458,2022-01-09,21872.69,Approved,Vehicle,Jackiestad,She loss party board fast chance concern physical serious care note production help.,16
152,PN000467,2022-12-05,23146.49,Approved,Health,Rothtown,Kid matter speak leg late yourself apply house when prevent.,23
153,PN000256,2022-11-28,31368.16,Denied,Property,Port Wesley,Good themselves cost fish young everyone talk if send rate provide investment.,29
154,PN000067,2023-05-10,53462.36,Approved,Vehicle,Cruzbury,Say the ever best he act draw worry more attention teacher require play manager chance.,11
155,PN000275,2022-02-18,93277.45,Approved,Health,Port Randall,Sound ever toward word seem record thus similar subject owner.,15
156,PN000296,2022-01-03,99994.85,Approved,Vehicle,Allisonton,Message ok statement art four early than speech coach PM others arm value key beautiful station.,13
157,PN000359,2022-06-22,93718.89,Approved,Health,Elizabethburgh,Drive away subject office important kind large time.,4
158,PN000323,2022-06-07,98608.93,Denied,Vehicle,Alexanderville,Week so kitchen lose local social statement issue indicate billion everybody.,5
159,PN000207,2023-08-16,22555.1,Denied,Health,North Julie,The visit campaign media large every total away either agent interesting list raise evening color its.,14
160,PN000110,2023-12-14,5843.61,Pending,Health,New Alexanderfort,Relate usually series need officer central story much forward financial.,18
161,PN000451,2022-08-12,92116.51,Approved,Property,Isaacton,According give school role enter fund even unit wide visit eight authority place far military.,9
162,PN000184,2023-02-21,82778.25,Denied,Vehicle,Edwardsstad,Last should service experience site fear purpose.,8
163,PN000273,2023-06-27,37655.02,Denied,Health,South Mark,Receive whom group industry when under agree sort by fast individual federal simple.,11
164,PN000278,2023-04-16,8265.23,Denied,Health,Moorefurt,Cup open quickly ten send condition town able truth across scene would they him four.,30
165,PN000415,2023-11-21,75005.67,Pending,Health,New Dustin,Pull theory tell increase range mouth establish meet event free owner.,16
166,PN000469,2022-06-15,66681.29,Denied,Property,Tammymouth,May must newspaper create under those a success charge at audience audience cold situation though big.,15
167,PN000308,2023-10-24,5881.64,Approved,Property,South Patriciastad,Simply north mean science everything where community operation image you firm everyone allow realize.,3
168,PN000440,2023-10-10,88266.39,Approved,Health,West Christianland,Base call could member structure dog choice stand late.,15
169,PN000136,2023-10-25,67479.61,Approved,Property,West Staceyview,If visit nation mission those cause direction future indeed dinner.,24
170,PN000256,2022-11-30,41325.69,Denied,Health,Jordanburgh,Thing yeah late design appear attack real company ever for also require concern never worry.,2
171,PN000396,2022-10-21,39223.97,Approved,Health,Simmonsfurt,During age very artist response responsibility laugh consider black something think share dog join draw coach.,26
172,PN000406,2023-01-22,88454.1,Approved,Vehicle,Carpenterfort,All century whatever simply five sell six movement serious.,7
173,PN000274,2022-10-19,30094.93,Denied,Vehicle,Lake Aaron,Inside professional pay small later television none hundred read.,14
174,PN000201,2023-10-11,70247.7,Approved,Vehicle,Grayton,Hair read wish short recent carry open brother light message suddenly operation.,29
175,PN000027,2022-09-06,49637.63,Approved,Health,Morrisonmouth,Interesting few situation approach approach writer agree available nice effort.,10
176,PN000015,2022-09-07,99402.41,Denied,Health,South Josephview,Quite body bit scene community voice development interview field high performance military range technology.,26
177,PN000416,2023-11-05,25585.7,Denied,Vehicle,Port Nicholashaven,Even be bit truth build sense enter minute pick way likely week start forward central next.,17
178,PN000351,2023-07-06,10648.96,Approved,Property,New Kenneth,Rise possible miss skill knowledge land office wind.,20
179,PN000105,2023-09-29,92230.35,Denied,Property,New Karenburgh,Born trial trade including doctor financial attention six side feeling left most make fish career.,30
180,PN000360,2023-11-24,47664.11,Denied,Vehicle,East Karenshire,Work plan light according it foreign involve real according.,24
181,PN000485,2023-11-08,70258.16,Approved,Vehicle,South Samanthahaven,Church tough professor word indeed scientist son allow full coach bill level sit attorney hot.,2
182,PN000139,2023-08-31,38163.0,Pending,Vehicle,East Feliciamouth,Food miss ready next light one speech.,23
183,PN000068,2023-04-01,31467.37,Denied,Health,Norrisland,Media fine black exactly stay firm water performance product part foreign power indeed safe particular yard.,2
184,PN000258,2022-06-05,78276.11,Pending,Health,West Christopher,Election technology energy fill recent lawyer accept recent whatever treat little use.,10
185,PN000005,2022-11-20,50129.54,Approved,Vehicle,Aaronport,Author fill anyone feel institution else peace type serious former will.,10
186,PN000445,2023-12-01,35272.7,Pending,Health,New Tracyberg,Stuff ability consider simply would turn eye many gas central.,18
187,PN000145,2022-09-18,17127.61,Approved,Health,Kevinhaven,Although concern six prepare read near could sing several.,2
188,PN000153,2022-11-03,43732.05,Pending,Health,North Shelley,That eye card including force owner old prepare trade.,9
189,PN000160,2023-03-13,85492.53,Approved,Vehicle,East Ashleyshire,East weight it method father loss blue look table leg protect everybody who system perform.,13
190,PN000246,2022-06-20,82751.4,Approved,Vehicle,West Josephside,Guess any car environment effect bed glass plan matter poor build.,26
191,PN000326,2022-11-11,13926.04,Denied,Vehicle,Mooreview,Two especially wide fight human better social which good three audience rise human feeling.,7
192,PN000245,2023-08-08,28295.78,Denied,Health,South Jessica,Manager sit always about house herself land against front challenge.,19
193,PN000413,2022-01-01,45580.53,Approved,Health,Harrismouth,Top low fight human quite walk we range.,29
194,PN000315,2023-12-09,11226.86,Pending,Vehicle,Lake Kathleen,And would take letter training group marriage quite entire return media.,14
195,PN000026,2023-05-10,80479.2,Approved,Property,Jamesmouth,Clear at together commercial glass seem the.,1
196,PN000264,2023-04-23,24836.44,Approved,Health,Michaelmouth,Kind quickly thank individual perform bar military design now public act.,30
197,PN000406,2022-07-26,10211.7,Pending,Health,Keithbury,Government simple scientist market true group democratic.,5
198,PN000142,2022-11-22,35854.95,Pending,Property,Heathershire,Instead reason foot dark join fine include build fast general today west.,12
199,PN000323,2022-04-23,2664.83,Pending,Health,Tannerburgh,Into produce sort century people hundred goal represent green student.,12
200,PN000260,2022-11-15,12821.43,Denied,Vehicle,Romeroville,Garden voice weight both so own affect ready as state couple along company father focus.,12
201,PN000425,2023-05-21,9504.3,Approved,Property,Hernandezport,Grow from light important age condition money research left day per source sometimes.,27
202,PN000277,2022-10-09,51853.66,Denied,Health,West Katherine,Foreign government better recent cover audience spring.,8
203,PN000174,2023-06-24,3421.5,Approved,Vehicle,New William,Family better price machine current work eye call bag tonight bit such increase.,30
204,PN000189,2023-11-07,81280.8,Pending,Health,Brittanyside,Once room peace pass drug how field cut organization condition watch suggest industry civil office home.,25
205,PN000063,2022-05-17,6330.09,Denied,Vehicle,Sextonchester,Decide business fine similar management political economic attention range own final among forget knowledge current.,1
206,PN000267,2023-07-08,53891.84,Approved,Vehicle,Jennifermouth,Environment discover hard remember image camera deal necessary.,22
207,PN000088,2022-08-28,15943.03,Denied,Health,Mooreton,Fish whatever high security half degree others main safe not side citizen.,8
208,PN000204,2022-08-25,81110.65,Pending,Property,Timothymouth,Authority along man film over a result left worker particularly.,13
209,PN000310,2023-09-03,5480.41,Approved,Vehicle,West Susanborough,South chair story leg manager hand account two left answer buy I imagine of building crime.,30
210,PN000120,2022-06-23,17044.26,Approved,Property,Sarahland,Lay bank tax read ready tree citizen treat mission hear open oil board center blue music.,22
211,PN000366,2023-05-20,69811.94,Approved,Health,New Jason,May unit compare not century finally resource body least mind media book dream throw include reduce.,17
212,PN000126,2023-01-12,51571.15,Approved,Property,West Regina,Lead cause measure available green case feel rock key include gun much play need.,3
213,PN000428,2023-07-19,61620.81,Approved,Health,West Marcus,Price paper account day act issue factor professional say southern.,29
214,PN000107,2023-11-09,21836.36,Approved,Health,Santiagomouth,Take speech their amount thought blood democratic rich choose reveal student four election serious energy.,4
215,PN000117,2022-08-20,35106.75,Pending,Property,New Johnmouth,Increase happy night way run land it throw beautiful later building rather.,11
216,PN000030,2022-02-06,37540.39,Approved,Vehicle,Chandlermouth,While most action field on their list economy again once nice himself play dark the student.,13
217,PN000232,2022-08-24,45077.46,Denied,Property,West Wendy,Bed them city point maybe take material apply under specific effect of one here baby.,14
218,PN000300,2023-04-06,35855.24,Approved,Health,Jenkinshaven,Or effect democratic that I hand threat bring relate charge cell just he.,29
219,PN000426,2022-01-19,73631.76,Pending,Health,Chaseside,All indeed board performance catch arrive structure fire series discussion arrive federal.,22
220,PN000395,2022-03-14,67803.97,Pending,Health,Port Joshua,Series condition that thing to not bag adult like tell nation enough.,4
221,PN000104,2023-04-19,7573.16,Denied,Vehicle,Lake Colleentown,Explain agent energy door push stuff attention employee five past.,26
222,PN000457,2022-11-28,36216.01,Pending,Vehicle,Aguirremouth,Similar ready voice adult particular the woman concern.,11
223,PN000050,2023-02-06,26354.43,Denied,Property,Port Loretta,Sing bed there choice once issue out treat reveal full trip four.,21
224,PN000081,2023-02-26,11265.6,Denied,Vehicle,Jasonhaven,Value car enter but crime computer service.,4
225,PN000382,2022-02-09,78221.91,Pending,Property,Briggsfurt,Room ask expert morning remember remain however rest find plan bank another Mrs value meeting could.,20
226,PN000085,2023-08-30,72338.27,Denied,Health,South Timothystad,Successful major deep affect hear draw must.,12
227,PN000394,2022-10-03,33773.95,Approved,Health,Port Angela,Issue back various camera everyone somebody carry local instead understand miss herself.,7
228,PN000159,2023-12-10,5971.42,Denied,Vehicle,Port Carlybury,Research rich hit father thousand throughout know sound.,20
229,PN000412,2022-03-25,23951.84,Denied,Vehicle,Lake Catherine,Those reduce magazine might once road environment baby necessary everybody party possible particularly top.,14
230,PN000381,2022-12-19,38270.29,Pending,Health,East Megan,Suffer herself trip our light reflect organization quite staff.,14
231,PN000295,2023-03-31,17356.41,Approved,Vehicle,Amandaland,Five gun modern movie marriage short market southern stay common special.,6
232,PN000109,2022-12-29,84316.39,Pending,Health,Cisnerosstad,Tree western success network conference either support win chance piece when entire tree.,17
233,PN000444,2022-12-04,25808.87,Pending,Property,Adamland,Radio space member during give should sign adult scientist traditional cell force dog.,27
234,PN000291,2022-02-23,62706.8,Approved,Health,East Troy,Baby get Mr thus we stuff arm still color almost son police.,7
235,PN000373,2023-11-04,52720.21,Pending,Vehicle,Jacksonside,Shoulder all produce ability break art alone.,28
236,PN000350,2023-02-16,69826.05,Pending,Property,North Bruce,Learn hot market region quality sister become.,22
237,PN000448,2023-07-22,4401.8,Denied,Vehicle,Lake Nataliehaven,Catch example Congress key follow act hotel brother population dark soldier party see late attention.,10
238,PN000197,2022-10-22,24238.36,Approved,Property,Jonesmouth,Able before race mind apply show particularly best.,16
239,PN000443,2022-03-04,41807.15,Denied,Property,New Francis,Senior knowledge ahead rise throughout say manage around myself sure.,2
240,PN000448,2022-02-20,75383.6,Pending,Health,Port Alexisstad,Energy heart money consider surface eat nor four president crime station job book policy.,24
241,PN000172,2023-09-07,40999.03,Approved,Property,Emilyfort,Offer space form federal reflect station fly available prevent state second discover piece.,22
242,PN000012,2022-03-21,25341.55,Pending,Property,Smithmouth,Turn medical world smile war maintain system size bank maintain someone growth.,12
243,PN000416,2023-07-05,70160.22,Approved,Vehicle,East Joshuafurt,Most administration on himself wind site build.,14
244,PN000139,2022-06-03,63390.33,Approved,Property,South Kelly,Book thought billion worry political we management government maintain student direction any north.,5
245,PN000204,2023-03-20,71580.41,Denied,Health,Lake Jane,Edge like site laugh PM guy plant kitchen fact.,3
246,PN000320,2023-10-04,72806.44,Denied,Health,Cortezstad,Computer forward trip knowledge better how unit drive especially turn director seem.,19
247,PN000131,2023-05-06,87721.92,Approved,Health,Lake Samantha,Common network financial worker radio yard area accept medical four party go.,28
248,PN000062,2022-09-05,98268.0,Pending,Vehicle,Port Christineborough,Organization learn everybody purpose world city almost attention answer man woman piece worker question.,13
249,PN000050,2022-12-14,16822.72,Approved,Property,West Sydneyport,Ground modern health social skin left resource news friend call fall if difference represent.,27
250,PN000377,2023-05-19,25145.09,Pending,Health,Lake Patty,Thank probably particularly part unit next last training at about bring know.,17
251,PN000002,2023-02-15,93185.22,Pending,Property,East David,Note toward manager age laugh catch nature human according carry this sure property middle.,4
252,PN000116,2022-03-16,32683.74,Approved,Vehicle,West Annamouth,Five middle dog political and table bit continue production man herself no listen effect worry.,18
253,PN000042,2023-06-22,49642.4,Pending,Vehicle,Lake Scottside,Stop possible word in happen next occur concern.,21
254,PN000113,2023-12-02,48969.82,Pending,Property,Taylorbury,Everyone admit popular various car everyone long test condition the.,30
255,PN000107,2022-03-06,15787.18,Denied,Health,Port Stephanie,Fish form crime her garden to time perform she forget apply animal goal pay I right.,10
256,PN000460,2022-01-01,25840.6,Denied,Property,Alexandershire,Follow economic discover threat sister still suggest grow.,19
257,PN000093,2023-10-20,66097.3,Pending,Property,East Tiffanyview,Where control appear hospital help relationship current also center.,2
258,PN000050,2023-05-27,2857.26,Approved,Vehicle,Nealton,Home spring century around education east degree possible series certainly.,10
259,PN000199,2022-06-18,2913.24,Approved,Property,Baileyview,Lay son small artist chance much agree live those another myself difference task woman study organization.,9
260,PN000170,2023-11-21,71125.04,Approved,Health,Tammyberg,Me today difficult read piece financial occur understand water mother.,6
261,PN000470,2022-04-16,58523.38,Pending,Property,Lake Kevin,Former today real degree upon spend season meet guess professional.,28
262,PN000467,2023-08-30,77658.95,Pending,Vehicle,Williamsport,Talk well month paper go ability medical music business minute we collection.,25
263,PN000079,2022-08-08,43070.99,Approved,Health,Jasonfurt,Speech side sport sit individual themselves whose beautiful push bad.,30
264,PN000191,2022-12-27,80019.82,Approved,Property,Riceberg,Give former door doctor something travel behavior bar institution this likely in pass.,8
265,PN000399,2022-09-18,73122.09,Denied,Vehicle,Owenchester,Available main arrive to letter follow model manager police plant mother.,26
266,PN000053,2022-02-20,68997.9,Denied,Property,Kristaland,Energy interesting total page treatment always radio bed.,9
267,PN000298,2023-01-24,71785.59,Pending,Property,New Kevinchester,Message dog treat morning key news easy war about.,26
268,PN000435,2023-04-07,40696.72,Denied,Vehicle,South Maria,Read child use force data per nation cold baby Democrat leave practice media impact bring maybe.,13
269,PN000122,2022-10-08,36235.24,Approved,Vehicle,Melaniechester,Future health particularly performance word a defense pretty best surface force we whose program seek fish.,23
270,PN000230,2023-03-28,94234.7,Denied,Vehicle,Lake Sheryl,Office arrive return site any join dog become time exist window provide effect.,24
271,PN000029,2022-12-03,37345.0,Denied,Health,Katherineville,Say heavy leave much conference carry cultural also let want significant begin development cause focus his.,16
272,PN000359,2022-05-08,39466.71,Approved,Property,Tashaberg,Green try indicate back worker consumer majority garden open blue dog yard little successful financial.,5
273,PN000468,2023-02-15,16819.75,Denied,Property,West Audrey,Poor anything meet science eat important seem fact run worry participant not stock street.,4
274,PN000186,2023-08-16,28510.28,Approved,Health,Taylorfort,Movie far threat ago center second manager.,22
275,PN000103,2022-09-12,19418.04,Pending,Health,Port Yesenia,Sense not different success entire church life.,7
276,PN000345,2022-03-17,82180.82,Approved,Health,Carolview,Body still scientist who less month course school become nice security.,1
277,PN000228,2023-12-06,36597.14,Denied,Property,Crystalberg,Class think woman pass as night few six finish although today end wide road.,7
278,PN000484,2023-05-12,60149.97,Pending,Vehicle,Bowenborough,Four everyone probably else maintain couple various network agency.,24
279,PN000310,2022-12-10,96282.97,Approved,Health,North Jamesburgh,Partner college now process look how organization take will maintain significant next.,25
280,PN000409,2022-07-18,78033.52,Approved,Property,Christianmouth,Arrive beautiful food teach his man push issue teacher blood certain necessary relationship instead.,26
281,PN000005,2022-03-24,38513.08,Denied,Property,Nicolemouth,Check suddenly but blue four memory truth clear city once capital.,15
282,PN000077,2022-01-17,83971.85,Denied,Property,Rodneybury,Market letter view democratic arm say boy road people lose heart statement energy commercial TV.,20
283,PN000116,2023-07-05,61851.14,Approved,Health,South Kyleport,Over together threat employee rise speech we law add remember arrive popular consumer bed seek ever.,1
284,PN000166,2022-08-08,61065.14,Approved,Vehicle,West Raymond,City community executive also tax surface true forward concern college central order kind nearly.,13
285,PN000474,2023-09-25,24946.84,Pending,Health,New Crystalmouth,These painting sure possible can impact force meet deep right movement central.,15
286,PN000386,2023-08-10,70732.05,Pending,Vehicle,Suarezport,Article little method resource experience north full TV leader cover analysis speak kind student election.,18
287,PN000073,2023-09-28,64899.56,Pending,Health,South Nathan,Board include sister mother enter once course.,3
288,PN000226,2022-03-19,75152.09,Denied,Vehicle,South Nathan,Morning price recent any beyond order life source finish room life trip their before beyond.,28
289,PN000484,2022-10-24,45509.6,Approved,Vehicle,Port Charles,That drug seat experience somebody final ready there present build stand seven others guy ability.,28
290,PN000223,2023-05-26,11471.16,Approved,Vehicle,Johnsonchester,Until yet boy type church trouble final up hope level door wife woman north occur sister.,20
291,PN000036,2022-06-28,91624.91,Pending,Property,Meaganborough,Free health each while cut tonight hotel himself parent.,11
292,PN000115,2023-04-22,28887.67,Approved,Health,Amberchester,Act her picture else bed often pattern still these yet end.,25
293,PN000124,2022-04-29,93089.7,Denied,Property,Nathanview,Bar seek best back its practice maintain argue before its.,13
294,PN000195,2022-11-26,45924.14,Denied,Vehicle,Lake Stephaniebury,Painting lay upon never in part yard.,8
295,PN000489,2023-08-12,40084.55,Pending,Health,Kennethbury,Finish then give put agreement federal easy yet blue.,7
296,PN000295,2023-09-04,18605.62,Approved,Health,Saraburgh,Look talk brother center save most easy push agency business suddenly stop learn tell American.,18
297,PN000407,2022-11-15,3675.36,Denied,Property,Port Emilymouth,Quality hundred race any smile think difficult his area most let law rest he enter baby.,4
298,PN000131,2023-01-17,64475.98,Approved,Health,New Anna,Democratic hard card call around such group two new stand region.,16
299,PN000026,2023-01-14,16485.89,Denied,Health,Port Connor,Country feeling might campaign fact type indicate door cut population much kind many me.,4
300,PN000018,2023-02-12,64499.31,Denied,Health,Lake Shannontown,List mind then moment feel keep either build including girl glass environment stuff friend condition.,9
301,PN000238,2023-02-16,80867.93,Denied,Property,South Lydia,Through create rock performance to that break human financial.,11
302,PN000002,2023-01-29,66642.52,Pending,Vehicle,West David,Social he state town rise dark still rock stop side I edge woman.,19
303,PN000293,2022-09-22,39704.14,Approved,Health,Randyton,See this listen sometimes floor land law trip management oil practice.,21
304,PN000115,2022-05-24,74721.96,Pending,Property,North Scott,Cell property with writer hit eye clearly include.,4
305,PN000150,2022-08-26,35249.29,Denied,Health,Lake Tina,Expect plan quality dark despite class gas Mr themselves glass.,19
306,PN000224,2022-02-02,59676.97,Denied,Health,Ramseyland,Ground into might it he father nearly approach finally.,2
307,PN000335,2022-05-25,39476.88,Denied,Health,Lake Jefferyfurt,Seven piece feel protect discuss material fast much maintain culture final actually much power.,3
308,PN000115,2022-09-01,81490.53,Pending,Vehicle,Cortezville,Toward why leave hope rise several think possible interview few act rise also should production actually.,16
309,PN000006,2023-09-10,84525.69,Denied,Property,East Kristin,Firm until shoulder strategy those allow wind even its artist.,5
310,PN000077,2022-12-07,92474.4,Approved,Vehicle,South Brandon,Cover father politics tough friend vote material girl every appear machine mind follow be front.,21
311,PN000202,2022-11-26,97769.16,Approved,Property,Pettytown,Friend key direction note eat write system memory experience.,8
312,PN000227,2023-03-25,24879.54,Pending,Vehicle,South Danielberg,Together base bank ready put show politics thousand admit.,15
313,PN000188,2023-01-11,6804.81,Approved,Property,West Tiffany,Positive join matter manage explain always board offer much oil next east.,13
314,PN000005,2022-03-10,14402.08,Pending,Vehicle,East Georgehaven,Hear physical network show school bar player.,9
315,PN000497,2023-09-22,99591.13,Pending,Vehicle,Rossfurt,Sometimes total computer hundred a behind hand song occur compare recent hotel enough or I and.,1
316,PN000435,2022-10-06,81706.48,Denied,Health,Nicholsshire,Worker stage first east book fight hospital deal decision true hope keep.,26
317,PN000470,2023-06-23,56490.71,Approved,Health,Larsonfort,Someone wind ahead teach situation discuss far space exactly worker.,14
318,PN000359,2023-12-20,25598.76,Pending,Health,Moraleshaven,Class practice trip remember quickly off drug senior draw director letter rest particularly.,17
319,PN000472,2023-01-17,5769.45,Pending,Property,Randyport,Still western international television serious investment role soldier others detail generation the effort school.,3
320,PN000254,2022-10-08,18470.84,Denied,Health,South Travis,Recent little place compare memory recent since product issue moment.,26
321,PN000042,2022-07-21,88115.64,Denied,Property,West Theresa,Field keep pressure TV serve throughout always address audience family type list.,15
322,PN000103,2022-04-23,65466.38,Denied,Health,West Denise,Situation likely those experience organization though threat above certainly toward head record talk keep town again.,13
323,PN000425,2023-08-13,44852.45,Pending,Property,Adammouth,Top under carry top bill inside case.,17
324,PN000264,2023-10-19,77121.2,Denied,Health,Andersonchester,Court body market along trouble organization always stock material read.,3
325,PN000438,2023-10-02,63400.29,Pending,Vehicle,North Vincent,Room task effect most support dream how although culture heart us.,2
326,PN000103,2022-01-28,96197.3,Pending,Health,East Barbara,Growth imagine visit floor run employee suggest mother early return of modern draw floor budget.,7
327,PN000032,2023-09-19,22318.11,Denied,Property,Amberberg,Drop myself measure feeling within foreign near where wrong past owner character expect rock.,11
328,PN000402,2022-07-21,67801.45,Pending,Property,Jasonshire,Right tree gas produce anything himself order remember life try perhaps little will half better easy.,17
329,PN000131,2023-04-29,62087.46,Denied,Health,Lawrencechester,Safe three hear push successful strategy table because develop cover tax.,20
330,PN000430,2022-10-26,36273.83,Pending,Health,Gatesstad,Instead order music bad into conference final eat think film action reason catch card allow.,9
331,PN000149,2023-02-03,45151.78,Approved,Property,East Yolanda,There election allow government road role century movie billion decision floor oil pressure send ever.,14
332,PN000443,2023-07-05,10712.92,Denied,Property,New Richardchester,Series hot page four information mission two five machine answer their them baby book.,26
333,PN000408,2023-07-19,41344.08,Pending,Vehicle,East Mark,Road but if really win participant share may play.,27
334,PN000468,2023-08-24,95530.67,Denied,Vehicle,East Christopherview,Simply action measure either manager evidence amount develop Mrs film sport something plant people sing.,4
335,PN000160,2022-08-09,14665.92,Approved,Vehicle,Boyerside,Firm thank rule dog example surface bad degree any.,12
336,PN000432,2022-04-16,59113.79,Approved,Property,West Stephanie,Relationship hope final soldier I out on different cover Republican need race car doctor.,21
337,PN000236,2023-05-20,19974.53,Denied,Health,Michaelstad,Lawyer suffer way sea part whose act throughout music sea born.,10
338,PN000472,2022-07-26,11282.5,Denied,Property,Lake Richard,Water national from exactly experience decade none simply may effect station.,25
339,PN000289,2022-10-13,75638.4,Approved,Health,South Charles,Trouble determine glass color itself today minute start story real believe town.,6
340,PN000154,2023-11-08,58331.47,Approved,Health,Lake Todd,Most new world gas those pick but instead card once middle hot music law.,27
341,PN000301,2022-11-13,23889.44,Approved,Property,Portershire,Feel decade turn development game share sometimes room.,25
342,PN000121,2023-01-06,49558.5,Pending,Property,New Christinamouth,Be test get stock might energy mouth home prevent in baby country look test gas surface.,3
343,PN000173,2022-01-30,49352.06,Approved,Health,Markhaven,Without short however deal team want wait conference response key place central rather value reality.,13
344,PN000101,2023-09-29,84657.28,Denied,Property,Melissafurt,List notice unit ago education rule address two traditional size huge hope sometimes mean.,16
345,PN000482,2022-10-31,23487.14,Denied,Vehicle,West Juliehaven,Field attack hand realize fish well his manager couple cultural road room whose I.,19
346,PN000382,2023-08-05,55627.96,Approved,Vehicle,West Annside,Commercial wonder particularly decision idea everyone draw good experience receive several indeed area.,28
347,PN000439,2023-02-25,63988.96,Approved,Property,North Maryfurt,List head significant assume civil enjoy upon audience second get project that get tonight.,10
348,PN000296,2023-10-24,72755.46,Pending,Property,Port Jamesfort,Lose she threat ahead production foreign here already score environment experience quite chair idea.,9
349,PN000227,2022-05-18,63534.56,Approved,Health,East Leahbury,Carry hear western special hospital experience go.,18
350,PN000213,2022-07-23,11253.36,Pending,Property,Port Cherylmouth,Accept law could form remember hear spring beat outside.,13
351,PN000028,2023-01-24,93919.79,Denied,Vehicle,New Brian,Week bring lead religious seat suggest then yet child citizen lay return organization face wife.,12
352,PN000169,2023-02-10,53236.32,Pending,Property,South Beverlyburgh,Any say image road argue mean again modern.,25
353,PN000179,2022-08-09,17766.13,Denied,Property,Lake Patrickshire,Practice condition old city he figure pass citizen against character move visit already stock.,19
354,PN000476,2023-10-12,42480.64,Pending,Property,North Nancyland,History question then operation different audience beat nation red series I leave better ask.,18
355,PN000242,2022-12-24,29546.36,Approved,Vehicle,Omarview,Other manager during argue future that instead project member offer smile country especially.,28
356,PN000201,2023-12-04,25984.05,Denied,Health,Lake Kristenmouth,Anything throw require kid before I goal manager life central college.,11
357,PN000115,2022-07-21,66371.65,Approved,Vehicle,East Tony,Ask fine natural tonight win book drop purpose when leader performance share continue collection professor.,6
358,PN000249,2023-01-24,11152.38,Denied,Vehicle,Johnshire,Second despite enter collection whether personal media shake stop.,2
359,PN000305,2023-10-23,62292.42,Denied,Vehicle,South Jamesborough,Return kitchen field writer day summer his sister.,1
360,PN000183,2023-12-04,5055.92,Approved,Vehicle,Edwardstad,Daughter maybe officer food scientist unit operation strong level.,4
361,PN000126,2023-07-31,87678.18,Pending,Health,Danielview,Company note that occur create couple important enjoy traditional thus.,2
362,PN000046,2022-12-23,62965.85,Denied,Property,South Derekport,Near social reach national should husband like ahead around hit.,30
363,PN000049,2022-03-07,82289.91,Pending,Property,Darrenchester,Card western oil serve commercial possible allow.,3
364,PN000225,2022-09-23,82837.91,Pending,Vehicle,Sharonside,Part hand trouble yes rise know car career.,1
365,PN000328,2022-02-20,18517.74,Pending,Health,Chadberg,Analysis information away than large war message final each artist three point he pick.,1
366,PN000316,2022-02-13,89018.24,Denied,Property,Williamfort,Economic leg perform himself project glass account son begin describe.,24
367,PN000087,2023-09-29,3359.6,Approved,Health,Fergusonchester,Human firm future open huge authority face executive let exist our.,16
368,PN000253,2023-09-12,53448.8,Denied,Property,Williamsport,Notice arrive production become return lot tell better.,16
369,PN000377,2023-03-24,8202.86,Pending,Property,Sharonshire,Big opportunity opportunity tend main pattern seat.,15
370,PN000341,2023-05-01,50713.26,Pending,Property,Wesleyview,Different mention head a federal dog run clear summer.,4
371,PN000085,2022-05-11,78706.52,Pending,Vehicle,Perezmouth,Real court process writer himself lawyer pressure.,2
372,PN000305,2023-07-02,95768.12,Approved,Property,Douglasfort,Else leg artist strong sell training write knowledge here require rather while world area give record.,10
373,PN000124,2022-03-07,59641.5,Pending,Health,South Angelica,Success meet stuff population practice interest question dark poor mean serious fight service election have.,16
374,PN000264,2023-07-16,79270.05,Pending,Health,Adrianchester,People interest age writer director apply any answer upon.,9
375,PN000097,2022-11-11,52170.12,Denied,Vehicle,West Jason,Number rise particular class subject recently which.,15
376,PN000153,2022-09-10,2820.2,Denied,Health,North Margaret,Few successful impact certainly discover sure kitchen.,26
377,PN000145,2023-12-13,23840.67,Denied,Health,Smithmouth,Son throughout rule past small PM sign state of five.,16
378,PN000385,2023-11-29,20797.51,Denied,Health,North Susan,Music be college without memory TV miss worry during us.,11
379,PN000458,2022-07-11,12314.45,Pending,Health,Port Shaunshire,Fall left time your surface Congress where.,14
380,PN000469,2023-04-12,25190.17,Approved,Health,Tylerstad,Together floor attack color baby several happy away issue career deal.,3
381,PN000363,2023-09-06,62677.03,Approved,Vehicle,Amandaville,Capital live pay position summer tend around recently popular staff get direction.,16
382,PN000388,2022-06-01,64591.76,Denied,Property,Heatherton,Human far four live agency physical cultural along to religious he treat.,13
383,PN000229,2023-10-16,82631.07,Denied,Vehicle,East Ashley,Particularly go move street talk ever another.,14
384,PN000413,2022-10-31,1189.73,Pending,Health,Wardton,East plan ever want leg word difficult race between.,13
385,PN000376,2022-09-08,80156.87,Denied,Vehicle,West Jose,Agreement country rock example far arm price include.,21
386,PN000251,2022-07-08,67506.37,Pending,Vehicle,Newtonborough,Capital example center ten professor onto simply owner husband stop near around quality wall particular me.,8
387,PN000087,2022-02-10,56327.15,Pending,Vehicle,Knoxview,Ball view work alone window modern service actually interesting property.,9
388,PN000019,2022-10-26,42725.79,Denied,Vehicle,Brownmouth,Nothing performance want cover item key edge forward land air nature of man.,29
389,PN000333,2023-02-14,75519.57,Pending,Vehicle,Johnsonfurt,Various each ten against mouth game herself seek little church what then network before can.,12
390,PN000256,2022-10-30,88364.8,Denied,Health,Port Benjamin,Government visit rock democratic beautiful within discussion source sense difference.,28
391,PN000005,2023-03-25,78096.69,Denied,Property,Johnburgh,Institution education professor perhaps war whom fact whether major upon collection fight let weight country future.,23
392,PN000427,2023-09-23,43433.05,Denied,Vehicle,North Kendrabury,Government wide both minute power arrive feeling when oil involve value.,18
393,PN000163,2022-05-18,14929.08,Pending,Vehicle,Toddton,Eat treat choose whatever quickly experience feeling north sort.,20
394,PN000255,2022-01-09,61962.11,Denied,Property,Wagnerstad,Ask religious peace time life impact enjoy green shake.,1
395,PN000319,2023-06-13,37755.86,Pending,Property,New Robert,Total attention cost artist now action them risk method bank city return.,9
396,PN000408,2023-08-13,1337.78,Denied,Vehicle,Robertton,Painting college thus together civil themselves clearly job.,19
397,PN000251,2023-05-07,91141.63,Approved,Vehicle,Brownview,Hour real today thus almost lot sense tough.,25
398,PN000030,2022-08-15,27388.89,Denied,Vehicle,Ericabury,Individual respond sister audience activity organization people leader most food number economic effort.,3
399,PN000341,2022-02-10,22716.55,Pending,Vehicle,Mcculloughland,Risk community become eat environment strong poor against these my soon.,1
400,PN000009,2022-04-23,28536.24,Denied,Vehicle,Brandiland,White which tonight third medical guess able up before radio leg everything leg force pay conference.,3
401,PN000122,2023-01-22,73392.73,Approved,Property,Jenniferberg,Summer occur nation official shoulder raise Republican particularly decide land.,1
402,PN000360,2022-10-30,4342.68,Approved,Vehicle,Kimberlychester,Few bag later occur gas throw himself interest watch run travel woman.,6
403,PN000134,2023-11-10,46923.18,Approved,Vehicle,Port Daniel,Customer world help look accept property style assume strong top game concern western next not spring.,16
404,PN000353,2023-11-21,29389.78,Denied,Property,Tommyview,Understand remain gun lay significant compare this buy campaign indeed.,4
405,PN000164,2023-04-24,20937.92,Pending,Vehicle,East Catherine,Herself late board general summer just building law throughout.,5
406,PN000155,2022-07-12,98193.08,Approved,Property,Davidland,Decade reality anyone professor region key direction trial power future other alone here arrive.,25
407,PN000496,2022-04-20,28507.28,Approved,Property,Robertomouth,Avoid prepare want at out civil trip enough morning wind would director.,1
408,PN000026,2022-12-23,16188.31,Approved,Property,Suzannefurt,Consumer strategy meeting piece remember hear official administration whatever full night generation begin.,17
409,PN000090,2023-09-14,48127.26,Denied,Health,Blackmouth,Sport policy training upon range run protect top street after box.,6
410,PN000353,2022-05-06,66842.9,Approved,Vehicle,Port Brandonfurt,Sort glass management gun clearly try baby third positive capital American film fish spend test reflect.,7
411,PN000350,2022-11-21,95407.1,Denied,Health,Morganland,Skin relate while as into push public feel catch beyond factor job when some short value.,14
412,PN000390,2023-12-06,97588.52,Denied,Vehicle,North Christine,Will behavior serve account wife bad by another yard bill people enjoy some simple.,2
413,PN000233,2023-04-20,31891.47,Approved,Vehicle,South Lynn,Deal campaign number contain actually education foreign knowledge account my raise.,6
414,PN000258,2023-10-04,58173.37,Approved,Health,Lopezview,Music common expect big bill thus cultural although hope front life.,20
415,PN000426,2023-03-18,71459.19,Pending,Health,Hernandezmouth,Able space behind fast even person at fact write can against voice account report catch someone.,8
416,PN000321,2022-08-12,35657.25,Pending,Vehicle,East Maryborough,Radio drug person right product institution that sort.,17
417,PN000057,2022-07-07,24962.54,Approved,Property,Christopherville,Down he other hit right around pay move popular form save off.,6
418,PN000408,2022-04-22,87298.59,Pending,Health,Chavezton,Modern put through anything red speech public responsibility ten current pattern.,9
419,PN000204,2023-12-09,25565.01,Denied,Property,Robertborough,Age heart board hospital across account exactly media what surface although beyond appear able quality.,27
420,PN000349,2023-12-27,88516.36,Approved,Property,New David,Follow involve investment quality drug sell hope paper degree interview great movie itself night girl.,1
421,PN000287,2023-11-19,69173.14,Approved,Vehicle,Rosefurt,Prevent night country top down board however box.,30
422,PN000021,2023-02-11,70390.78,Pending,Vehicle,Hallfurt,Just describe whatever data over commercial threat training raise.,27
423,PN000091,2022-12-12,26941.89,Pending,Vehicle,New Angelahaven,Treat left paper seek maintain certain professor improve pick person similar state reach attorney.,29
424,PN000211,2023-04-22,46833.65,Pending,Property,South Benjamin,Option spring raise it TV energy community represent receive fish central later child organization.,27
425,PN000116,2023-06-12,31326.27,Pending,Health,South Kristinshire,Program expect Mrs play support north doctor activity choice kid vote six.,4
426,PN000482,2022-03-14,10425.14,Approved,Health,Perkinsborough,Particular maintain so knowledge effort trip carry class first continue.,28
427,PN000076,2023-04-09,94179.95,Denied,Property,Dustinton,Yes yeah fly upon officer his social often scientist which black talk support risk.,15
428,PN000221,2023-02-27,36682.72,Denied,Health,Lake Christine,Toward line story few include outside citizen eye special life hold stock.,14
429,PN000109,2023-06-02,44073.55,Denied,Vehicle,Parkerfurt,Week suggest debate young response from others phone.,17
430,PN000213,2022-02-22,27676.92,Pending,Property,New Sandraberg,Voice most economic way then yes behavior much after study billion necessary.,4
431,PN000071,2022-12-21,14908.28,Pending,Property,North Timothy,Career crime truth life hotel inside everybody off our executive environmental protect in somebody drop return.,8
432,PN000298,2023-10-24,46270.11,Pending,Health,Saunderstown,Miss collection store debate several act society southern hot manager fund season simply simple.,18
433,PN000131,2022-11-13,67574.88,Approved,Property,New Victoriaborough,Suddenly two often accept happy only ahead southern while writer around crime build thought.,25
434,PN000016,2023-07-09,85514.42,Approved,Health,Lopezburgh,First bank fill play meet sort gas wife religious family step amount paper actually.,12
435,PN000355,2023-02-09,6842.98,Approved,Health,Alanfort,Receive world response hit other country boy.,30
436,PN000390,2022-06-03,69873.22,Denied,Vehicle,Rodriguezfurt,My fact model recognize use compare build present sometimes.,2
437,PN000464,2022-06-14,16857.35,Pending,Health,Lewisborough,Amount image responsibility hard affect garden even child message people wind feel behind.,10
438,PN000228,2022-09-16,18586.2,Pending,Vehicle,South Tina,Condition establish fly former wish rate including challenge north with know particularly line short herself together.,19
439,PN000059,2022-03-08,3342.97,Pending,Property,South Philipland,Ground one yet maintain impact try attack notice who cold firm mouth both anyone usually.,4
440,PN000165,2022-09-24,97823.24,Denied,Health,North Anthony,Oil type ok surface show consumer event travel tree campaign student word relate job bad.,15
441,PN000347,2023-11-21,30553.53,Approved,Health,Port Anthony,Father manager source director assume exactly computer sister thus run become public.,24
442,PN000407,2023-12-13,74620.16,Denied,Health,South Elainefort,Usually generation allow author single great apply activity than economic memory.,8
443,PN000115,2023-09-17,77592.39,Pending,Health,New Sarahfurt,Prove local artist country party ok song need carry environmental guess.,15
444,PN000448,2022-10-17,80132.01,Approved,Health,North Dustinton,Easy history west prepare by value he again character pattern continue smile.,29
445,PN000381,2022-09-11,49594.32,Denied,Health,New David,Against note agreement painting over along increase against city.,10
446,PN000156,2022-04-05,14914.05,Approved,Property,South Jordan,Son series ten soldier natural score work to try wrong both another.,6
447,PN000464,2022-07-18,9895.46,Approved,Property,North Jessicafort,Why particular crime big public stuff through travel important that.,4
448,PN000154,2022-07-25,45817.95,Denied,Health,South Melvinfort,Explain seem mouth serve option church summer save boy hair respond through.,5
449,PN000021,2023-03-16,21911.96,Denied,Health,Palmerborough,Attack live game writer impact tree either wall single hundred air thousand good defense.,1
450,PN000388,2023-11-24,50953.92,Pending,Health,West Jessica,Eye Republican partner three kitchen score rise reflect man role season.,11
451,PN000177,2022-11-10,21154.42,Denied,Vehicle,Meganshire,Stand budget hair avoid control report material.,25
452,PN000004,2022-04-13,2006.96,Approved,Vehicle,East Apriltown,Culture bed boy wife gas little certain student director sister material environmental which consider recent democratic.,27
453,PN000358,2023-02-02,78425.29,Approved,Property,Singhville,Both live service newspaper TV site debate ever another authority not health plant.,21
454,PN000402,2022-02-12,54881.95,Approved,Vehicle,Justinmouth,Which system both model low none open possible case hour myself almost relationship main.,19
455,PN000134,2023-06-10,60618.86,Pending,Health,East Jennifer,Car pick quickly it very treat know director pay pick enough country two better serve popular.,16
456,PN000493,2022-01-09,32565.78,Approved,Health,Madelineberg,Consumer success present wait very indicate myself light Mrs enough society east.,19
457,PN000373,2023-08-04,68767.36,Pending,Health,South Michaelfurt,Although wife purpose vote information institution in push miss within economy yeah read beat season.,20
458,PN000181,2022-06-07,40684.67,Pending,Vehicle,Jessefurt,See court edge play poor fine language forget itself together leg spring million leader ball.,24
459,PN000244,2022-01-06,5913.74,Pending,Property,East Jacob,Serve reach crime easy television serve tend Republican study firm dog production ten.,27
460,PN000471,2023-12-29,63191.58,Approved,Health,Rebeccamouth,Development provide well hope concern road way pay that.,27
461,PN000457,2023-07-20,46081.55,Denied,Vehicle,South Tashafurt,Rate always happy through record say bed term human name wait.,1
462,PN000110,2023-07-14,8477.63,Approved,Health,East Joshua,Different wait put also simply act present account serve reason husband station system turn material.,25
463,PN000439,2022-04-25,25623.41,Pending,Property,North Nancy,Discover event read person along American other tell power south machine over actually whole.,17
464,PN000054,2022-11-16,23040.63,Pending,Health,Alexamouth,Kitchen hotel that of painting contain hair.,13
465,PN000055,2023-02-07,9842.0,Pending,Vehicle,East Cristinahaven,Fear whose statement term situation little foreign development lot author campaign kid score rise market.,28
466,PN000493,2023-09-27,21776.71,Approved,Vehicle,West Amandachester,Trade inside son later structure spring make different specific list organization successful baby.,26
467,PN000319,2023-10-20,33907.06,Approved,Vehicle,East Ginatown,Option room by large lot buy attention strategy they step major first talk.,19
468,PN000175,2023-10-29,86655.29,Pending,Property,Rangelfurt,Owner official even property order later few leg its heart mouth sometimes field three north against.,28
469,PN000287,2022-12-25,63370.67,Approved,Vehicle,Carpenterchester,After western when common member debate any hotel morning population could at wish church.,28
470,PN000295,2022-02-06,20688.22,Pending,Vehicle,Angelaborough,Behind more tree know local according friend animal.,30
471,PN000373,2022-12-07,85796.91,Pending,Property,East Luis,Go project feel high friend somebody area street current.,22
472,PN000120,2022-04-28,58477.1,Denied,Health,East Tyler,Maybe finish black firm himself summer market too painting why everything any.,4
473,PN000191,2023-01-08,66750.97,Approved,Vehicle,Jeffreyberg,Page few season although floor enter same smile table whom meet attorney sister top agent.,17
474,PN000482,2023-12-18,12068.19,Approved,Health,Wiseview,Father general carry kitchen budget describe less hundred positive me measure.,9
475,PN000122,2023-04-13,24348.28,Pending,Vehicle,Hawkinsville,Energy possible go group money appear job society then memory how treat card actually.,18
476,PN000149,2022-01-26,35513.45,Approved,Health,South Keithton,Travel environment some hundred note performance fight fill to small.,22
477,PN000491,2023-01-11,50747.07,Denied,Vehicle,Lake Morgan,First describe century reveal it war mission town stuff service future thus rather together woman.,2
478,PN000157,2023-10-14,11138.21,Denied,Vehicle,Bernardstad,Tv design program next wrong newspaper fight trial participant accept reality hotel.,14
479,PN000357,2023-02-27,80194.18,Denied,Property,Mccormickbury,Reason gas above area interest modern soon coach step end.,11
480,PN000057,2022-01-02,14810.43,Denied,Property,West Margaret,Method impact seat minute everyone every build according heavy station.,29
481,PN000250,2023-12-31,48122.48,Denied,Health,Victormouth,What young degree mention real institution usually energy fear amount artist notice.,13
482,PN000439,2022-06-25,33391.79,Denied,Health,Brucefort,Talk home heart data within own present president its accept close increase hold let while must.,3
483,PN000079,2023-03-22,60477.66,Pending,Health,Randallbury,Employee gas light poor manager dog area wall color too answer order line bad accept.,28
484,PN000216,2022-05-12,91384.61,Approved,Vehicle,Mayville,Affect situation capital value ten participant gas themselves can but heavy wall.,8
485,PN000085,2023-04-24,29267.26,Approved,Vehicle,New Sandy,Account soon fund little different be fine practice life whole white member identify paper number war.,8
486,PN000178,2022-09-16,38121.22,Pending,Health,Port Keith,Eye young nation hand hot behind sign once film performance well hit thing your.,8
487,PN000254,2022-06-19,4912.29,Approved,Vehicle,West Travis,Group capital moment authority quality protect investment reason safe president.,22
488,PN000206,2023-04-25,14049.75,Pending,Vehicle,Ferrellhaven,Often change many through tough dark market myself pay point participant agree national common network many.,16
489,PN000406,2022-05-23,61999.58,Denied,Health,Katietown,Popular budget which agree former type six realize science series like among it industry population home.,13
490,PN000110,2022-03-05,54814.48,Pending,Property,Brandonburgh,Late education Congress national city subject consider cover reason.,9
491,PN000134,2023-11-03,18209.65,Pending,Health,New Donald,Attack marriage off simply also single skin give company blue there nice tree away current.,26
492,PN000405,2023-09-22,55061.36,Approved,Health,Stephanieville,Up work different will get east third game new.,22
493,PN000117,2023-10-07,3581.65,Approved,Vehicle,Tammyburgh,Perhaps subject firm evidence institution computer ten particular really usually across suggest stock plant over.,4
494,PN000224,2023-04-20,77963.6,Approved,Vehicle,Jamesville,Deep indicate international fact financial quite everyone radio enjoy available upon young spring picture piece mission.,28
495,PN000169,2023-12-13,75401.51,Pending,Health,East Gina,Property might inside cup onto need with treatment too successful girl.,14
496,PN000225,2022-06-18,65752.88,Pending,Health,New David,To president suffer apply everybody go throw health quickly experience program upon.,19
497,PN000332,2023-02-19,67467.12,Approved,Health,Port Rhonda,Right couple half provide mission song election compare player production energy.,3
498,PN000117,2023-02-19,46187.11,Denied,Vehicle,Jordanburgh,Realize shoulder whether difference design fish here chance discuss tree song itself general.,22
499,PN000152,2023-01-18,48275.09,Approved,Vehicle,East Maryfort,Time member discuss design audience month identify someone individual major whole best cut day policy glass.,1
500,PN000489,2023-08-29,21308.84,Approved,Vehicle,Callahanburgh,Beyond whole chance their defense accept meet design drive much.,21
