"antecedents","consequents","support","confidence","lift"
"frozenset({'Auto Loan'})","frozenset({'Home Equity Loan'})","0.1346","0.6079494128274615","2.7621508988071857"
"frozenset({'Home Equity Loan'})","frozenset({'Auto Loan'})","0.1346","0.611540208995911","2.762150898807186"
"frozenset({'Investment Account'})","frozenset({'Auto Loan'})","0.1346","0.6079494128274615","2.7459323072604405"
"frozenset({'Auto Loan'})","frozenset({'Investment Account'})","0.1346","0.6079494128274615","2.7459323072604405"
"frozenset({'Auto Loan'})","frozenset({'Retirement Account'})","0.1297","0.5858175248419151","2.7285399387140896"
"frozenset({'Retirement Account'})","frozenset({'Auto Loan'})","0.1297","0.6040987424312996","2.72853993871409"
"frozenset({'Auto Loan'})","frozenset({'Student Loan'})","0.1358","0.6133694670280035","2.756716705743836"
"frozenset({'Student Loan'})","frozenset({'Auto Loan'})","0.1358","0.6103370786516854","2.756716705743836"
"frozenset({'Business Loan'})","frozenset({'Credit Card'})","0.2381","0.8207514650120648","2.86075798191727"
"frozenset({'Credit Card'})","frozenset({'Business Loan'})","0.2381","0.8299058905542002","2.86075798191727"
"frozenset({'Business Loan'})","frozenset({'Mortgage'})","0.2417","0.833160978972768","2.8640803677303817"
"frozenset({'Mortgage'})","frozenset({'Business Loan'})","0.2417","0.8308697146785837","2.8640803677303817"
"frozenset({'Checking Account'})","frozenset({'Certificate of Deposit'})","0.1766","0.7118097541313987","2.748300209001539"
"frozenset({'Certificate of Deposit'})","frozenset({'Checking Account'})","0.1766","0.6818532818532819","2.748300209001539"
"frozenset({'Personal Loan'})","frozenset({'Certificate of Deposit'})","0.1771","0.706140350877193","2.7264106211474632"
"frozenset({'Certificate of Deposit'})","frozenset({'Personal Loan'})","0.1771","0.6837837837837838","2.7264106211474632"
"frozenset({'Savings Account'})","frozenset({'Certificate of Deposit'})","0.1793","0.7134898527656187","2.75478707631513"
"frozenset({'Certificate of Deposit'})","frozenset({'Savings Account'})","0.1793","0.6922779922779922","2.75478707631513"
"frozenset({'Personal Loan'})","frozenset({'Checking Account'})","0.1703","0.6790271132376395","2.736908961054573"
"frozenset({'Checking Account'})","frozenset({'Personal Loan'})","0.1703","0.6864167674324869","2.736908961054573"
"frozenset({'Checking Account'})","frozenset({'Savings Account'})","0.1718","0.6924627166465136","2.7555221513987807"
"frozenset({'Savings Account'})","frozenset({'Checking Account'})","0.1718","0.6836450457620373","2.75552215139878"
"frozenset({'Mortgage'})","frozenset({'Credit Card'})","0.2384","0.819525610175318","2.8564852219425516"
"frozenset({'Credit Card'})","frozenset({'Mortgage'})","0.2384","0.8309515510630883","2.8564852219425516"
"frozenset({'Investment Account'})","frozenset({'Home Equity Loan'})","0.1333","0.6020776874435411","2.7354733641233127"
"frozenset({'Home Equity Loan'})","frozenset({'Investment Account'})","0.1333","0.6056338028169015","2.7354733641233127"
"frozenset({'Home Equity Loan'})","frozenset({'Retirement Account'})","0.131","0.595184007269423","2.7721658466205077"
"frozenset({'Retirement Account'})","frozenset({'Home Equity Loan'})","0.131","0.6101537028411738","2.7721658466205077"
"frozenset({'Student Loan'})","frozenset({'Home Equity Loan'})","0.1333","0.5991011235955056","2.7219496755815795"
"frozenset({'Home Equity Loan'})","frozenset({'Student Loan'})","0.1333","0.6056338028169015","2.7219496755815795"
"frozenset({'Investment Account'})","frozenset({'Retirement Account'})","0.1323","0.5975609756097561","2.783236961386847"
"frozenset({'Retirement Account'})","frozenset({'Investment Account'})","0.1323","0.616208663251048","2.783236961386847"
"frozenset({'Investment Account'})","frozenset({'Student Loan'})","0.1311","0.592140921409214","2.6613075119515237"
"frozenset({'Student Loan'})","frozenset({'Investment Account'})","0.1311","0.5892134831460674","2.6613075119515237"
"frozenset({'Personal Loan'})","frozenset({'Savings Account'})","0.1749","0.6973684210526315","2.7750434582277417"
"frozenset({'Savings Account'})","frozenset({'Personal Loan'})","0.1749","0.6959808993235176","2.7750434582277412"
"frozenset({'Student Loan'})","frozenset({'Retirement Account'})","0.1307","0.5874157303370787","2.735983839483366"
"frozenset({'Retirement Account'})","frozenset({'Student Loan'})","0.1307","0.608756404285049","2.735983839483366"
"frozenset({'Investment Account', 'Auto Loan'})","frozenset({'Home Equity Loan'})","0.0878","0.6523031203566122","2.963667062047307"
"frozenset({'Investment Account', 'Home Equity Loan'})","frozenset({'Auto Loan'})","0.0878","0.6586646661665416","2.9749984921704677"
"frozenset({'Auto Loan', 'Home Equity Loan'})","frozenset({'Investment Account'})","0.0878","0.6523031203566122","2.9462652229295943"
"frozenset({'Investment Account'})","frozenset({'Auto Loan', 'Home Equity Loan'})","0.0878","0.39656729900632337","2.9462652229295943"
"frozenset({'Auto Loan'})","frozenset({'Investment Account', 'Home Equity Loan'})","0.0878","0.39656729900632337","2.9749984921704677"
"frozenset({'Home Equity Loan'})","frozenset({'Investment Account', 'Auto Loan'})","0.0878","0.3989095865515675","2.963667062047307"
"frozenset({'Auto Loan', 'Home Equity Loan'})","frozenset({'Retirement Account'})","0.086","0.6389301634472511","2.975920649498142"
"frozenset({'Auto Loan', 'Retirement Account'})","frozenset({'Home Equity Loan'})","0.086","0.6630686198920585","3.01257891818291"
"frozenset({'Home Equity Loan', 'Retirement Account'})","frozenset({'Auto Loan'})","0.086","0.6564885496183205","2.9651696008054222"
"frozenset({'Auto Loan'})","frozenset({'Home Equity Loan', 'Retirement Account'})","0.086","0.3884372177055103","2.9651696008054222"
"frozenset({'Home Equity Loan'})","frozenset({'Auto Loan', 'Retirement Account'})","0.086","0.3907314856883235","3.01257891818291"
"frozenset({'Retirement Account'})","frozenset({'Auto Loan', 'Home Equity Loan'})","0.086","0.4005589194224499","2.9759206494981423"
"frozenset({'Auto Loan', 'Student Loan'})","frozenset({'Home Equity Loan'})","0.0877","0.6458026509572902","2.93413289848837"
"frozenset({'Auto Loan', 'Home Equity Loan'})","frozenset({'Student Loan'})","0.0877","0.6515601783060921","2.9283603519374926"
"frozenset({'Student Loan', 'Home Equity Loan'})","frozenset({'Auto Loan'})","0.0877","0.6579144786196549","2.9716101111998863"
"frozenset({'Auto Loan'})","frozenset({'Student Loan', 'Home Equity Loan'})","0.0877","0.39611562782294485","2.9716101111998863"
"frozenset({'Student Loan'})","frozenset({'Auto Loan', 'Home Equity Loan'})","0.0877","0.3941573033707865","2.928360351937493"
"frozenset({'Home Equity Loan'})","frozenset({'Auto Loan', 'Student Loan'})","0.0877","0.3984552476147206","2.93413289848837"
"frozenset({'Investment Account', 'Auto Loan'})","frozenset({'Retirement Account'})","0.0862","0.6404160475482913","2.9828413951946495"
"frozenset({'Investment Account', 'Retirement Account'})","frozenset({'Auto Loan'})","0.0862","0.6515495086923658","2.942861376207614"
"frozenset({'Auto Loan', 'Retirement Account'})","frozenset({'Investment Account'})","0.0862","0.6646106399383191","3.0018547422688306"
"frozenset({'Investment Account'})","frozenset({'Auto Loan', 'Retirement Account'})","0.0862","0.38934056007226736","3.0018547422688306"
"frozenset({'Auto Loan'})","frozenset({'Investment Account', 'Retirement Account'})","0.0862","0.38934056007226736","2.942861376207614"
"frozenset({'Retirement Account'})","frozenset({'Investment Account', 'Auto Loan'})","0.0862","0.4014904517931998","2.9828413951946495"
"frozenset({'Investment Account', 'Auto Loan'})","frozenset({'Student Loan'})","0.0861","0.6396731054977711","2.87493530560796"
"frozenset({'Investment Account', 'Student Loan'})","frozenset({'Auto Loan'})","0.0861","0.6567505720823799","2.9663530807695566"
"frozenset({'Auto Loan', 'Student Loan'})","frozenset({'Investment Account'})","0.0861","0.634020618556701","2.8636884306987396"
"frozenset({'Investment Account'})","frozenset({'Auto Loan', 'Student Loan'})","0.0861","0.38888888888888884","2.8636884306987396"
"frozenset({'Auto Loan'})","frozenset({'Investment Account', 'Student Loan'})","0.0861","0.38888888888888884","2.9663530807695566"
"frozenset({'Student Loan'})","frozenset({'Investment Account', 'Auto Loan'})","0.0861","0.3869662921348314","2.87493530560796"
"frozenset({'Auto Loan', 'Student Loan'})","frozenset({'Retirement Account'})","0.0856","0.6303387334315169","2.935904673644699"
"frozenset({'Auto Loan', 'Retirement Account'})","frozenset({'Student Loan'})","0.0856","0.6599845797995373","2.966222830559718"
"frozenset({'Student Loan', 'Retirement Account'})","frozenset({'Auto Loan'})","0.0856","0.6549349655700075","2.9581525093496275"
"frozenset({'Auto Loan'})","frozenset({'Student Loan', 'Retirement Account'})","0.0856","0.38663053297199634","2.9581525093496275"
"frozenset({'Student Loan'})","frozenset({'Auto Loan', 'Retirement Account'})","0.0856","0.3847191011235955","2.966222830559718"
"frozenset({'Retirement Account'})","frozenset({'Auto Loan', 'Student Loan'})","0.0856","0.39869585468095015","2.935904673644699"
"frozenset({'Business Loan', 'Mortgage'})","frozenset({'Credit Card'})","0.2016","0.8340918494000827","2.9072563590103964"
"frozenset({'Business Loan', 'Credit Card'})","frozenset({'Mortgage'})","0.2016","0.8467030659386812","2.9106327464375426"
"frozenset({'Mortgage', 'Credit Card'})","frozenset({'Business Loan'})","0.2016","0.8456375838926175","2.9149865008363234"
"frozenset({'Business Loan'})","frozenset({'Mortgage', 'Credit Card'})","0.2016","0.6949327817993795","2.9149865008363234"
"frozenset({'Mortgage'})","frozenset({'Business Loan', 'Credit Card'})","0.2016","0.693021656926779","2.910632746437543"
"frozenset({'Credit Card'})","frozenset({'Business Loan', 'Mortgage'})","0.2016","0.7026838619728129","2.907256359010397"
"frozenset({'Checking Account', 'Personal Loan'})","frozenset({'Certificate of Deposit'})","0.1265","0.7428068115091015","2.867979967216608"
"frozenset({'Checking Account', 'Certificate of Deposit'})","frozenset({'Personal Loan'})","0.1265","0.7163080407701019","2.8560926665474553"
"frozenset({'Personal Loan', 'Certificate of Deposit'})","frozenset({'Checking Account'})","0.1265","0.7142857142857143","2.879023435250763"
"frozenset({'Checking Account'})","frozenset({'Personal Loan', 'Certificate of Deposit'})","0.1265","0.5098750503829101","2.879023435250763"
"frozenset({'Personal Loan'})","frozenset({'Checking Account', 'Certificate of Deposit'})","0.1265","0.5043859649122807","2.8560926665474557"
"frozenset({'Certificate of Deposit'})","frozenset({'Checking Account', 'Personal Loan'})","0.1265","0.4884169884169884","2.867979967216608"
"frozenset({'Checking Account', 'Certificate of Deposit'})","frozenset({'Savings Account'})","0.1271","0.7197055492638731","2.863929762291576"
"frozenset({'Savings Account', 'Certificate of Deposit'})","frozenset({'Checking Account'})","0.1271","0.7088678192972672","2.8571858899527096"
"frozenset({'Checking Account', 'Savings Account'})","frozenset({'Certificate of Deposit'})","0.1271","0.7398137369033759","2.856423694607629"
"frozenset({'Certificate of Deposit'})","frozenset({'Checking Account', 'Savings Account'})","0.1271","0.4907335907335907","2.856423694607629"
"frozenset({'Checking Account'})","frozenset({'Savings Account', 'Certificate of Deposit'})","0.1271","0.5122934300685208","2.8571858899527096"
"frozenset({'Savings Account'})","frozenset({'Checking Account', 'Certificate of Deposit'})","0.1271","0.5057699960206923","2.863929762291576"
"frozenset({'Personal Loan', 'Savings Account'})","frozenset({'Certificate of Deposit'})","0.1301","0.7438536306460835","2.872021739946268"
"frozenset({'Certificate of Deposit', 'Savings Account'})","frozenset({'Personal Loan'})","0.1301","0.7255995538204127","2.893140166748057"
"frozenset({'Personal Loan', 'Certificate of Deposit'})","frozenset({'Savings Account'})","0.1301","0.7346132128740823","2.9232519414010434"
"frozenset({'Savings Account'})","frozenset({'Personal Loan', 'Certificate of Deposit'})","0.1301","0.5177079188221249","2.923251941401044"
"frozenset({'Personal Loan'})","frozenset({'Certificate of Deposit', 'Savings Account'})","0.1301","0.5187400318979266","2.893140166748057"
"frozenset({'Certificate of Deposit'})","frozenset({'Personal Loan', 'Savings Account'})","0.1301","0.5023166023166022","2.872021739946268"
"frozenset({'Checking Account', 'Personal Loan'})","frozenset({'Savings Account'})","0.1246","0.731650029359953","2.9114605227216592"
"frozenset({'Checking Account', 'Savings Account'})","frozenset({'Personal Loan'})","0.1246","0.7252619324796274","2.891793989153219"
"frozenset({'Personal Loan', 'Savings Account'})","frozenset({'Checking Account'})","0.1246","0.7124070897655803","2.8714513896234597"
"frozenset({'Checking Account'})","frozenset({'Personal Loan', 'Savings Account'})","0.1246","0.5022168480451431","2.8714513896234597"
"frozenset({'Personal Loan'})","frozenset({'Checking Account', 'Savings Account'})","0.1246","0.4968102073365231","2.891793989153219"
"frozenset({'Savings Account'})","frozenset({'Checking Account', 'Personal Loan'})","0.1246","0.49582172701949856","2.9114605227216592"
"frozenset({'Investment Account', 'Home Equity Loan'})","frozenset({'Retirement Account'})","0.0858","0.6436609152288072","2.997954891610653"
"frozenset({'Investment Account', 'Retirement Account'})","frozenset({'Home Equity Loan'})","0.0858","0.6485260770975056","2.946506483859635"
"frozenset({'Home Equity Loan', 'Retirement Account'})","frozenset({'Investment Account'})","0.0858","0.6549618320610687","2.9582738575477356"
"frozenset({'Investment Account'})","frozenset({'Home Equity Loan', 'Retirement Account'})","0.0858","0.3875338753387534","2.9582738575477356"
"frozenset({'Home Equity Loan'})","frozenset({'Investment Account', 'Retirement Account'})","0.0858","0.38982280781462975","2.9465064838596353"
"frozenset({'Retirement Account'})","frozenset({'Investment Account', 'Home Equity Loan'})","0.0858","0.39962738705170003","2.997954891610653"
"frozenset({'Investment Account', 'Student Loan'})","frozenset({'Home Equity Loan'})","0.0849","0.6475972540045767","2.942286478894033"
"frozenset({'Investment Account', 'Home Equity Loan'})","frozenset({'Student Loan'})","0.0849","0.6369092273068268","2.8625133811542773"
"frozenset({'Student Loan', 'Home Equity Loan'})","frozenset({'Investment Account'})","0.0849","0.6369092273068268","2.8767354440236077"
"frozenset({'Investment Account'})","frozenset({'Student Loan', 'Home Equity Loan'})","0.0849","0.38346883468834686","2.8767354440236073"
"frozenset({'Student Loan'})","frozenset({'Investment Account', 'Home Equity Loan'})","0.0849","0.38157303370786516","2.8625133811542773"
"frozenset({'Home Equity Loan'})","frozenset({'Investment Account', 'Student Loan'})","0.0849","0.38573375738300775","2.9422864788940335"
"frozenset({'Student Loan', 'Home Equity Loan'})","frozenset({'Retirement Account'})","0.0855","0.641410352588147","2.9874725318497766"
"frozenset({'Home Equity Loan', 'Retirement Account'})","frozenset({'Student Loan'})","0.0855","0.6526717557251909","2.9333562055064757"
"frozenset({'Student Loan', 'Retirement Account'})","frozenset({'Home Equity Loan'})","0.0855","0.6541698546289212","2.972148362693872"
"frozenset({'Home Equity Loan'})","frozenset({'Student Loan', 'Retirement Account'})","0.0855","0.3884597910040891","2.972148362693872"
"frozenset({'Student Loan'})","frozenset({'Home Equity Loan', 'Retirement Account'})","0.0855","0.38426966292134834","2.9333562055064757"
"frozenset({'Retirement Account'})","frozenset({'Student Loan', 'Home Equity Loan'})","0.0855","0.39823008849557523","2.9874725318497766"
"frozenset({'Investment Account', 'Student Loan'})","frozenset({'Retirement Account'})","0.0836","0.6376811594202898","2.970103211086585"
"frozenset({'Investment Account', 'Retirement Account'})","frozenset({'Student Loan'})","0.0836","0.6318972033257747","2.839987430677639"
"frozenset({'Student Loan', 'Retirement Account'})","frozenset({'Investment Account'})","0.0836","0.6396327467482784","2.8890367965143557"
"frozenset({'Investment Account'})","frozenset({'Student Loan', 'Retirement Account'})","0.0836","0.3775971093044263","2.8890367965143557"
"frozenset({'Student Loan'})","frozenset({'Investment Account', 'Retirement Account'})","0.0836","0.37573033707865167","2.839987430677639"
"frozenset({'Retirement Account'})","frozenset({'Investment Account', 'Student Loan'})","0.0836","0.3893805309734513","2.9701032110865855"
"frozenset({'Investment Account', 'Auto Loan', 'Home Equity Loan'})","frozenset({'Retirement Account'})","0.0589","0.6708428246013667","3.124559034007297"
"frozenset({'Investment Account', 'Auto Loan', 'Retirement Account'})","frozenset({'Home Equity Loan'})","0.0589","0.6832946635730859","3.104473710009477"
"frozenset({'Investment Account', 'Home Equity Loan', 'Retirement Account'})","frozenset({'Auto Loan'})","0.0589","0.6864801864801865","3.1006331819339947"
"frozenset({'Auto Loan', 'Home Equity Loan', 'Retirement Account'})","frozenset({'Investment Account'})","0.0589","0.6848837209302326","3.093422407092288"
"frozenset({'Investment Account', 'Auto Loan'})","frozenset({'Home Equity Loan', 'Retirement Account'})","0.0589","0.437592867756315","3.3404035706588933"
"frozenset({'Investment Account', 'Home Equity Loan'})","frozenset({'Auto Loan', 'Retirement Account'})","0.0589","0.4418604651162791","3.406788474296677"
"frozenset({'Investment Account', 'Retirement Account'})","frozenset({'Auto Loan', 'Home Equity Loan'})","0.0589","0.4452003023431595","3.3075802551497735"
"frozenset({'Auto Loan', 'Home Equity Loan'})","frozenset({'Investment Account', 'Retirement Account'})","0.0589","0.437592867756315","3.307580255149773"
"frozenset({'Auto Loan', 'Retirement Account'})","frozenset({'Investment Account', 'Home Equity Loan'})","0.0589","0.4541249036237471","3.406788474296677"
"frozenset({'Home Equity Loan', 'Retirement Account'})","frozenset({'Investment Account', 'Auto Loan'})","0.0589","0.449618320610687","3.3404035706588933"
"frozenset({'Investment Account'})","frozenset({'Auto Loan', 'Home Equity Loan', 'Retirement Account'})","0.0589","0.26603432700993673","3.0934224070922878"
"frozenset({'Auto Loan'})","frozenset({'Investment Account', 'Home Equity Loan', 'Retirement Account'})","0.0589","0.26603432700993673","3.1006331819339947"
"frozenset({'Home Equity Loan'})","frozenset({'Investment Account', 'Auto Loan', 'Retirement Account'})","0.0589","0.26760563380281693","3.104473710009477"
"frozenset({'Retirement Account'})","frozenset({'Investment Account', 'Auto Loan', 'Home Equity Loan'})","0.0589","0.2743362831858407","3.124559034007297"
"frozenset({'Investment Account', 'Auto Loan', 'Student Loan'})","frozenset({'Home Equity Loan'})","0.0587","0.6817653890824623","3.0975256205473074"
"frozenset({'Investment Account', 'Auto Loan', 'Home Equity Loan'})","frozenset({'Student Loan'})","0.0587","0.6685649202733486","3.004786158531904"
"frozenset({'Investment Account', 'Student Loan', 'Home Equity Loan'})","frozenset({'Auto Loan'})","0.0587","0.6914016489988222","3.122862009931446"
"frozenset({'Auto Loan', 'Student Loan', 'Home Equity Loan'})","frozenset({'Investment Account'})","0.0587","0.669327251995439","3.023158319762597"
"frozenset({'Investment Account', 'Auto Loan'})","frozenset({'Student Loan', 'Home Equity Loan'})","0.0587","0.4361069836552749","3.2716202824851828"
"frozenset({'Investment Account', 'Student Loan'})","frozenset({'Auto Loan', 'Home Equity Loan'})","0.0587","0.44774980930587344","3.3265216144567122"
"frozenset({'Investment Account', 'Home Equity Loan'})","frozenset({'Auto Loan', 'Student Loan'})","0.0587","0.44036009002250565","3.242710530357184"
"frozenset({'Auto Loan', 'Student Loan'})","frozenset({'Investment Account', 'Home Equity Loan'})","0.0587","0.4322533136966127","3.2427105303571846"
"frozenset({'Auto Loan', 'Home Equity Loan'})","frozenset({'Investment Account', 'Student Loan'})","0.0587","0.4361069836552749","3.326521614456712"
"frozenset({'Student Loan', 'Home Equity Loan'})","frozenset({'Investment Account', 'Auto Loan'})","0.0587","0.44036009002250565","3.271620282485183"
"frozenset({'Investment Account'})","frozenset({'Auto Loan', 'Student Loan', 'Home Equity Loan'})","0.0587","0.26513098464317975","3.023158319762597"
"frozenset({'Auto Loan'})","frozenset({'Investment Account', 'Student Loan', 'Home Equity Loan'})","0.0587","0.26513098464317975","3.1228620099314455"
"frozenset({'Student Loan'})","frozenset({'Investment Account', 'Auto Loan', 'Home Equity Loan'})","0.0587","0.2638202247191011","3.0047861585319033"
"frozenset({'Home Equity Loan'})","frozenset({'Investment Account', 'Auto Loan', 'Student Loan'})","0.0587","0.2666969559291231","3.097525620547307"
"frozenset({'Auto Loan', 'Student Loan', 'Retirement Account'})","frozenset({'Home Equity Loan'})","0.0591","0.6904205607476636","3.136849435473256"
"frozenset({'Auto Loan', 'Student Loan', 'Home Equity Loan'})","frozenset({'Retirement Account'})","0.0591","0.6738882554161916","3.13874362094174"
"frozenset({'Auto Loan', 'Home Equity Loan', 'Retirement Account'})","frozenset({'Student Loan'})","0.0591","0.6872093023255814","3.088581134047557"
"frozenset({'Home Equity Loan', 'Student Loan', 'Retirement Account'})","frozenset({'Auto Loan'})","0.0591","0.6912280701754385","3.1220780044057745"
"frozenset({'Auto Loan', 'Student Loan'})","frozenset({'Home Equity Loan', 'Retirement Account'})","0.0591","0.43519882179675995","3.3221284106622897"
"frozenset({'Auto Loan', 'Retirement Account'})","frozenset({'Student Loan', 'Home Equity Loan'})","0.0591","0.45566692367000766","3.418356516654221"
"frozenset({'Auto Loan', 'Home Equity Loan'})","frozenset({'Student Loan', 'Retirement Account'})","0.0591","0.4390787518573551","3.3594395704464812"
"frozenset({'Student Loan', 'Retirement Account'})","frozenset({'Auto Loan', 'Home Equity Loan'})","0.0591","0.45218056618209634","3.3594395704464812"
"frozenset({'Student Loan', 'Home Equity Loan'})","frozenset({'Auto Loan', 'Retirement Account'})","0.0591","0.4433608402100525","3.418356516654221"
"frozenset({'Home Equity Loan', 'Retirement Account'})","frozenset({'Auto Loan', 'Student Loan'})","0.0591","0.45114503816793894","3.3221284106622897"
"frozenset({'Auto Loan'})","frozenset({'Home Equity Loan', 'Student Loan', 'Retirement Account'})","0.0591","0.2669376693766938","3.122078004405775"
"frozenset({'Student Loan'})","frozenset({'Auto Loan', 'Home Equity Loan', 'Retirement Account'})","0.0591","0.2656179775280899","3.0885811340475575"
"frozenset({'Retirement Account'})","frozenset({'Auto Loan', 'Student Loan', 'Home Equity Loan'})","0.0591","0.2752678155565906","3.1387436209417396"
"frozenset({'Home Equity Loan'})","frozenset({'Auto Loan', 'Student Loan', 'Retirement Account'})","0.0591","0.2685143116765107","3.136849435473256"
"frozenset({'Investment Account', 'Auto Loan', 'Student Loan'})","frozenset({'Retirement Account'})","0.0578","0.6713124274099884","3.126746285095428"
"frozenset({'Investment Account', 'Auto Loan', 'Retirement Account'})","frozenset({'Student Loan'})","0.0578","0.6705336426914152","3.0136343491749"
"frozenset({'Investment Account', 'Student Loan', 'Retirement Account'})","frozenset({'Auto Loan'})","0.0578","0.6913875598086124","3.122798373119297"
"frozenset({'Auto Loan', 'Student Loan', 'Retirement Account'})","frozenset({'Investment Account'})","0.0578","0.6752336448598131","3.0498357943080987"
"frozenset({'Investment Account', 'Auto Loan'})","frozenset({'Student Loan', 'Retirement Account'})","0.0578","0.4294205052005943","3.285543268558487"
"frozenset({'Investment Account', 'Student Loan'})","frozenset({'Auto Loan', 'Retirement Account'})","0.0578","0.440884820747521","3.3992661584234463"
"frozenset({'Investment Account', 'Retirement Account'})","frozenset({'Auto Loan', 'Student Loan'})","0.0578","0.436885865457294","3.2171271388607807"
"frozenset({'Auto Loan', 'Student Loan'})","frozenset({'Investment Account', 'Retirement Account'})","0.0578","0.4256259204712813","3.2171271388607807"
"frozenset({'Auto Loan', 'Retirement Account'})","frozenset({'Investment Account', 'Student Loan'})","0.0578","0.44564379336931376","3.3992661584234463"
"frozenset({'Student Loan', 'Retirement Account'})","frozenset({'Investment Account', 'Auto Loan'})","0.0578","0.4422341239479724","3.2855432685584876"
"frozenset({'Investment Account'})","frozenset({'Auto Loan', 'Student Loan', 'Retirement Account'})","0.0578","0.2610659439927732","3.0498357943080987"
"frozenset({'Auto Loan'})","frozenset({'Investment Account', 'Student Loan', 'Retirement Account'})","0.0578","0.2610659439927732","3.122798373119297"
"frozenset({'Student Loan'})","frozenset({'Investment Account', 'Auto Loan', 'Retirement Account'})","0.0578","0.2597752808988764","3.0136343491749003"
"frozenset({'Retirement Account'})","frozenset({'Investment Account', 'Auto Loan', 'Student Loan'})","0.0578","0.26921285514671633","3.126746285095428"
"frozenset({'Checking Account', 'Personal Loan', 'Certificate of Deposit'})","frozenset({'Savings Account'})","0.0964","0.7620553359683795","3.03245259040342"
"frozenset({'Savings Account', 'Checking Account', 'Certificate of Deposit'})","frozenset({'Personal Loan'})","0.0964","0.7584579071597168","3.0241543347676108"
"frozenset({'Savings Account', 'Personal Loan', 'Certificate of Deposit'})","frozenset({'Checking Account'})","0.0964","0.7409684857801692","2.9865718894807305"
"frozenset({'Checking Account', 'Personal Loan', 'Savings Account'})","frozenset({'Certificate of Deposit'})","0.0964","0.7736757624398074","2.987165105945202"
"frozenset({'Checking Account', 'Certificate of Deposit'})","frozenset({'Personal Loan', 'Savings Account'})","0.0964","0.5458663646659117","3.121019809410587"
"frozenset({'Personal Loan', 'Certificate of Deposit'})","frozenset({'Checking Account', 'Savings Account'})","0.0964","0.5443252399774139","3.1683657740245277"
"frozenset({'Savings Account', 'Certificate of Deposit'})","frozenset({'Checking Account', 'Personal Loan'})","0.0964","0.5376464026770775","3.1570546252323988"
"frozenset({'Checking Account', 'Personal Loan'})","frozenset({'Savings Account', 'Certificate of Deposit'})","0.0964","0.5660598943041691","3.157054625232399"
"frozenset({'Checking Account', 'Savings Account'})","frozenset({'Personal Loan', 'Certificate of Deposit'})","0.0964","0.5611175785797439","3.1683657740245277"
"frozenset({'Personal Loan', 'Savings Account'})","frozenset({'Checking Account', 'Certificate of Deposit'})","0.0964","0.5511720983419096","3.1210198094105865"
"frozenset({'Certificate of Deposit'})","frozenset({'Checking Account', 'Personal Loan', 'Savings Account'})","0.0964","0.3722007722007722","2.987165105945202"
"frozenset({'Checking Account'})","frozenset({'Savings Account', 'Personal Loan', 'Certificate of Deposit'})","0.0964","0.388553002821443","2.9865718894807305"
"frozenset({'Personal Loan'})","frozenset({'Savings Account', 'Checking Account', 'Certificate of Deposit'})","0.0964","0.3843700159489633","3.0241543347676108"
"frozenset({'Savings Account'})","frozenset({'Checking Account', 'Personal Loan', 'Certificate of Deposit'})","0.0964","0.38360525268603257","3.0324525904034196"
"frozenset({'Investment Account', 'Student Loan', 'Home Equity Loan'})","frozenset({'Retirement Account'})","0.0574","0.6760895170789163","3.148996353418334"
"frozenset({'Investment Account', 'Home Equity Loan', 'Retirement Account'})","frozenset({'Student Loan'})","0.0574","0.668997668997669","3.006731096618737"
"frozenset({'Investment Account', 'Student Loan', 'Retirement Account'})","frozenset({'Home Equity Loan'})","0.0574","0.6866028708133972","3.1195041836137993"
"frozenset({'Student Loan', 'Home Equity Loan', 'Retirement Account'})","frozenset({'Investment Account'})","0.0574","0.671345029239766","3.032272038119991"
"frozenset({'Investment Account', 'Home Equity Loan'})","frozenset({'Student Loan', 'Retirement Account'})","0.0574","0.43060765191297823","3.2946262579416845"
"frozenset({'Investment Account', 'Student Loan'})","frozenset({'Home Equity Loan', 'Retirement Account'})","0.0574","0.4378337147215866","3.342242097111348"
"frozenset({'Investment Account', 'Retirement Account'})","frozenset({'Student Loan', 'Home Equity Loan'})","0.0574","0.43386243386243384","3.2547819494556176"
"frozenset({'Student Loan', 'Home Equity Loan'})","frozenset({'Investment Account', 'Retirement Account'})","0.0574","0.43060765191297823","3.2547819494556176"
"frozenset({'Home Equity Loan', 'Retirement Account'})","frozenset({'Investment Account', 'Student Loan'})","0.0574","0.4381679389312977","3.342242097111348"
"frozenset({'Student Loan', 'Retirement Account'})","frozenset({'Investment Account', 'Home Equity Loan'})","0.0574","0.43917368018362657","3.2946262579416845"
"frozenset({'Investment Account'})","frozenset({'Student Loan', 'Home Equity Loan', 'Retirement Account'})","0.0574","0.25925925925925924","3.032272038119991"
"frozenset({'Home Equity Loan'})","frozenset({'Investment Account', 'Student Loan', 'Retirement Account'})","0.0574","0.2607905497501136","3.1195041836137993"
"frozenset({'Student Loan'})","frozenset({'Investment Account', 'Home Equity Loan', 'Retirement Account'})","0.0574","0.2579775280898876","3.006731096618737"
"frozenset({'Retirement Account'})","frozenset({'Investment Account', 'Student Loan', 'Home Equity Loan'})","0.0574","0.26734979040521656","3.148996353418334"
"frozenset({'Investment Account', 'Home Equity Loan', 'Student Loan', 'Retirement Account'})","frozenset({'Auto Loan'})","0.0406","0.7073170731707317","3.1947473946284175"
"frozenset({'Investment Account', 'Auto Loan', 'Student Loan', 'Retirement Account'})","frozenset({'Home Equity Loan'})","0.0406","0.7024221453287197","3.1913773072636062"
"frozenset({'Investment Account', 'Auto Loan', 'Student Loan', 'Home Equity Loan'})","frozenset({'Retirement Account'})","0.0406","0.6916524701873934","3.2214833264433786"
"frozenset({'Investment Account', 'Auto Loan', 'Home Equity Loan', 'Retirement Account'})","frozenset({'Student Loan'})","0.0406","0.6893039049235993","3.0979950783083114"
"frozenset({'Home Equity Loan', 'Student Loan', 'Retirement Account', 'Auto Loan'})","frozenset({'Investment Account'})","0.0406","0.6869712351945854","3.102851107473285"
"frozenset({'Investment Account', 'Student Loan', 'Retirement Account'})","frozenset({'Auto Loan', 'Home Equity Loan'})","0.0406","0.48564593301435405","3.6080678530041164"
"frozenset({'Investment Account', 'Student Loan', 'Home Equity Loan'})","frozenset({'Auto Loan', 'Retirement Account'})","0.0406","0.4782096584216725","3.6870443980082688"
"frozenset({'Investment Account', 'Auto Loan', 'Student Loan'})","frozenset({'Home Equity Loan', 'Retirement Account'})","0.0406","0.4715447154471545","3.5995779805126293"
"frozenset({'Investment Account', 'Home Equity Loan', 'Retirement Account'})","frozenset({'Auto Loan', 'Student Loan'})","0.0406","0.47319347319347316","3.4844880205704944"
"frozenset({'Investment Account', 'Auto Loan', 'Retirement Account'})","frozenset({'Student Loan', 'Home Equity Loan'})","0.0406","0.4709976798143851","3.5333659400929114"
"frozenset({'Investment Account', 'Auto Loan', 'Home Equity Loan'})","frozenset({'Student Loan', 'Retirement Account'})","0.0406","0.46241457858769924","3.5379845339533222"
"frozenset({'Home Equity Loan', 'Student Loan', 'Retirement Account'})","frozenset({'Investment Account', 'Auto Loan'})","0.0406","0.4748538011695906","3.5278885673818023"
"frozenset({'Auto Loan', 'Student Loan', 'Retirement Account'})","frozenset({'Investment Account', 'Home Equity Loan'})","0.0406","0.4742990654205607","3.5581325237851518"
"frozenset({'Auto Loan', 'Student Loan', 'Home Equity Loan'})","frozenset({'Investment Account', 'Retirement Account'})","0.0406","0.46294184720638537","3.4991825185667826"
"frozenset({'Auto Loan', 'Home Equity Loan', 'Retirement Account'})","frozenset({'Investment Account', 'Student Loan'})","0.0406","0.472093023255814","3.601014670143509"
"frozenset({'Investment Account', 'Student Loan'})","frozenset({'Auto Loan', 'Home Equity Loan', 'Retirement Account'})","0.0406","0.3096872616323417","3.601014670143509"
"frozenset({'Investment Account', 'Retirement Account'})","frozenset({'Auto Loan', 'Student Loan', 'Home Equity Loan'})","0.0406","0.30687830687830686","3.499182518566783"
"frozenset({'Investment Account', 'Home Equity Loan'})","frozenset({'Auto Loan', 'Student Loan', 'Retirement Account'})","0.0406","0.30457614403600897","3.5581325237851518"
"frozenset({'Investment Account', 'Auto Loan'})","frozenset({'Home Equity Loan', 'Student Loan', 'Retirement Account'})","0.0406","0.3016344725111441","3.5278885673818023"
"frozenset({'Student Loan', 'Retirement Account'})","frozenset({'Investment Account', 'Auto Loan', 'Home Equity Loan'})","0.0406","0.3106350420811017","3.5379845339533222"
"frozenset({'Student Loan', 'Home Equity Loan'})","frozenset({'Investment Account', 'Auto Loan', 'Retirement Account'})","0.0406","0.30457614403600897","3.5333659400929114"
"frozenset({'Auto Loan', 'Student Loan'})","frozenset({'Investment Account', 'Home Equity Loan', 'Retirement Account'})","0.0406","0.29896907216494845","3.4844880205704944"
"frozenset({'Home Equity Loan', 'Retirement Account'})","frozenset({'Investment Account', 'Auto Loan', 'Student Loan'})","0.0406","0.30992366412213734","3.599577980512629"
"frozenset({'Auto Loan', 'Retirement Account'})","frozenset({'Investment Account', 'Student Loan', 'Home Equity Loan'})","0.0406","0.31303006939090205","3.687044398008269"
"frozenset({'Auto Loan', 'Home Equity Loan'})","frozenset({'Investment Account', 'Student Loan', 'Retirement Account'})","0.0406","0.3016344725111441","3.6080678530041164"
"frozenset({'Investment Account'})","frozenset({'Home Equity Loan', 'Student Loan', 'Retirement Account', 'Auto Loan'})","0.0406","0.18337850045167117","3.1028511074732856"
"frozenset({'Student Loan'})","frozenset({'Investment Account', 'Auto Loan', 'Home Equity Loan', 'Retirement Account'})","0.0406","0.18247191011235953","3.097995078308311"
"frozenset({'Retirement Account'})","frozenset({'Investment Account', 'Auto Loan', 'Student Loan', 'Home Equity Loan'})","0.0406","0.18910107126222636","3.221483326443379"
"frozenset({'Home Equity Loan'})","frozenset({'Investment Account', 'Auto Loan', 'Student Loan', 'Retirement Account'})","0.0406","0.18446160835983644","3.1913773072636062"
"frozenset({'Auto Loan'})","frozenset({'Investment Account', 'Home Equity Loan', 'Student Loan', 'Retirement Account'})","0.0406","0.18337850045167117","3.1947473946284175"
